ZipCode,Neighborhood,AverageHouseholdSize,HouseholdwithChildren,Households,MedianAge,MedianHouseholdIncome,PercentHouseholdChange2020to2023,AverageCommuteTime(Minutes),Population16+:Unemployed%,TransportationtoWork:Bicycle(%),TransportationtoWork:PublicTransportation(%),TransportationtoWork:Walked(%),H/L%,Hispanic/Latino,HomeValue,HousePaymentas%ofIncome,HousingUnits,NonH/L%,NotHispanic/Latino,Population(Sheet1),PropertyTaxRate,RentForHouses,Value/IncomeRatio,%Age18+,%Age25+,%Age65+,%Under18,15+Divorced,"15+Married,SpouseAbsent","15+Married,SpousePresent",15+NeverMarried,15+NeverMarriedRanking,15+Widowed,MedianAge1,Population,SpeakAsian/PacificIslander,SpeakEnglishOnly,SpeakIndo-European,SpeakOtherLanguage,SpeakSpanish,%Pop25+Associates,%Pop25+Bachelors,%Pop25+Doctorate,%Pop25+HSGrad,%Pop25+Masters,%Pop25+NonHSGrad,%Pop25+Professional,AvgVehiclesAvailable,AVGCntrDist,AVGHwyDist,AVGOceanDist,AVGRailDist,AVGSubcenterDist,AvgWaterDist,MedianSpecFeatValu,"Restaurants,Bars,Bakeries",Supermarkets,School District Score,%White,%Black/African American,%American Indian/Alaskan Native,%Asian,%Native Hawaiian/Pacific Islander,%Other Race,%2+Races,Housing Density,Households with Children,normalized_commute_time,Commute Time Score,normalized_hwy_dist,normalized_rail_dist,Rail/Hwy Score,normalized_rest,normalized_sup,normalized_cntr,normalized_sub,Amenities Score,Central Score,normalized_wat_dist,normalized_oce_dist,Aquatic Proximity Score,normalized_hom_val,normalized_rent,Property Affordability Score,normalized_med_age,Age Score,Age Range Score,Diversity Score,Ethnicity Score,Race Score,normalized_med_inc,Income Score,Language Index,College degree Index,Education Index,Marriage Index,CommuteTimeCategories,CommuteTimeCategoriesNum,RailHwyCategories,RailHwyCategoriesNum,CentralCategories,CentralCategoriesNum,AmenitiesCategories,AmenitiesCategoriesNum,EducationCategories,EducationCategoriesNum,AquaticCategories,AquaticCategoriesNum,PropertyAffordabilityCategories,PropertyAffordabilityCategoriesNum,IncomeCategories,IncomeCategoriesNum,MarriageCategories,MarriageCategoriesNum,MedianCategories,MedianCategoriesNum,HDCategories,HDCategoriesNum,ChildCategories,ChildCategoriesNum
33010,Hialeah,2.74,34.45,15468,46.9,36456,-1.46,32,0.0404,0.008,0.0321,0.0159,0.954370775,41225,483867,0.8797,16273,0.045629225,1971,42081,0.0092,3615,11.33,83.64,77.28,23.09,16.36,13.75,11.55,32.83,34.42,43,7.44,46.9,43196,0.18,6.27,0.1,0.0,93.44,0.0432,0.098,0.0051,0.3136,0.0251,0.1368,0.0077,1.5,33394.84742,8088.568041,37839.50825,1803.220619,30180.41959,3533.565979,3374.0,180,24,2.0,26.61,1.6,0.2,0.19,0.01,11.09,60.31,3751.45,34.45,0.3181818181818182,0.09354545454545454,0.2885688202212498,0.04953832545978148,0.16905357284051564,0.16007359705611776,0.7741935483870968,0.19380378692456032,0.25652129434190507,0.46713357272160727,0.2251625406332327,0.07496495050479637,0.5285127729237156,0.30173886171425596,0.14850605495342575,0.4302819621475473,0.19768701062563449,0.8628318584070795,49.45400000000001,50.0925,11.223333333333333,0.5,14.287142857142857,0.05020127180444548,0.04530063590222274,19.997999999999998,0.04285,0.37348333333333333,21.714,Low,1,Low,1,Nearby,1,High,2,Less educated,3,Not far,2,Fair,2,Poor,1,Mostly married,2,Older,2,High,3,Medium,2
33012,Hialeah,2.85,34.43,23864,48.0,38599,-1.51,34,0.0353,0.0016,0.0204,0.0184,0.957954479,65321,374812,0.6653,25795,0.042045521,2867,71088,0.0062,2905,8.59,84.31,78.09,25.54,15.69,15.06,10.6,36.76,28.77,71,8.8,48.0,68188,0.07,5.55,0.4,0.01,93.97,0.0765,0.1083,0.0034,0.3122,0.0264,0.1396,0.0128,1.6,47942.46145,8035.070391,53120.66536,7213.282682,44768.0,7136.63352,4368.0,347,30,1.5,27.66,0.91,0.11,0.22,0.01,11.12,59.97,4215.56,34.43,0.4090909090909091,0.11237272727272728,0.286290409642146,0.2710187853925815,0.27865459751736377,0.3137074517019319,0.967741935483871,0.29026698478431645,0.4003727457275486,0.6407246935929014,0.3453198652559325,0.1569304549022419,0.7490522950555052,0.45299137497887354,0.06674244105492344,0.2931633835457706,0.12084599148570055,0.911504424778761,50.326,50.9075,11.222222222222221,0.5,14.285714285714286,0.06582900647570153,0.050564503237850764,20.0,0.053649999999999996,0.37661666666666666,28.444000000000006,Medium,2,Medium,2,Not far,2,High,2,Less educated,3,Far,3,Inexpensive,1,Poor,1,Mostly married,2,Older,2,High,3,Medium,2
33013,Hialeah,3.16,37.82,9419,47.8,44411,-1.58,34,0.0288,0.0016,0.0243,0.0043,0.953994034,28782,510693,0.6849,9668,0.046005966,1388,29830,0.0082,3111,8.95,84.06,77.82,24.85,15.94,12.35,12.48,33.38,33.31,50,8.47,47.8,30170,0.28,7.18,0.1,0.03,92.41,0.08,0.1057,0.0027,0.3469,0.0231,0.1429,0.0108,1.9,40171.87176,15486.13359,46430.82443,3174.871756,39967.49924,8366.326718,3395.0,130,8,1.0,29.51,1.03,0.11,0.16,0.02,11.64,57.53,2610.25,37.82,0.4090909090909091,0.10982272727272728,0.6036236236837342,0.1056918263165993,0.3546577250001668,0.1140754369825207,0.25806451612903225,0.23874128928485652,0.3530339148662978,0.18606997655577648,0.2958876020755772,0.18490451369554547,0.652503695285243,0.41870410449039425,0.16861875686018127,0.33294708381614524,0.1755316278889161,0.902654867256637,50.094,50.6675,11.222222222222221,0.5,14.285714285714285,0.10821276471617759,0.0685063823580888,20.0,0.052875000000000005,0.4121583333333333,23.336000000000002,Medium,2,Medium,2,Nearby,1,Low,1,Less educated,3,Far,3,Fair,2,Poor,1,Mostly married,2,Older,2,Medium,2,Medium,2
33014,Hialeah,2.67,37.68,15060,42.7,55114,0.27,34,0.0334,0.0047,0.0179,0.0084,0.91433952,36900,418933,0.4599,15027,0.08566048,3457,40739,0.0061,3265,5.78,81.48,73.89,18.06,18.52,12.91,10.16,39.02,31.53,59,6.39,42.7,40357,0.34,10.19,1.68,0.25,87.54,0.112,0.1567,0.0112,0.3045,0.0495,0.1128,0.026,1.7,58903.63286,4587.81,61362.83714,15064.76714,57148.60429,5816.885714,8258.0,248,11,2.0,27.3,1.9,0.19,0.61,0.02,13.1,56.88,2485.03,37.68,0.4090909090909091,0.11002272727272727,0.13947509076777292,0.592447702226261,0.365961396497017,0.22263109475620976,0.3548387096774194,0.3629489822800619,0.5224607031606364,0.2887349022168146,0.44270484272034916,0.1269077608047037,0.8680043228767362,0.49745604184071995,0.09982201016056573,0.3626882966396292,0.15483529305611504,0.676991150442478,46.93000000000001,47.987500000000004,11.222222222222221,0.5,14.285714285714286,0.18626392859226415,0.10983196429613207,20.000000000000004,0.08234999999999999,0.36955,25.496000000000002,Medium,2,Medium,2,Not far,2,High,2,Less educated,3,Far,3,Fair,2,Fair,2,Mostly married,2,Older,2,Medium,2,Medium,2
33015,Hialeah,2.94,46.52,22044,38.6,65206,-0.61,39,0.0378,0.0001,0.0093,0.0058,0.888346149,57651,406443,0.4455,23919,0.111653851,7246,68517,0.0076,3400,5.65,77.75,69.45,13.26,22.25,14.94,9.45,35.65,34.43,42,5.54,38.6,64897,0.46,15.46,1.41,1.03,81.64,0.1294,0.1702,0.0038,0.2962,0.0547,0.081,0.0191,1.9,74682.5417,4374.635745,66782.50766,24289.75149,73654.23191,1696.385957,3988.0,213,6,2.5,23.64,5.16,0.29,1.14,0.01,16.58,53.19,3921.34,46.52,0.6363636363636364,0.1628909090909091,0.13039621575579474,0.9701058053900365,0.5502510105729157,0.19043238270469182,0.1935483870967742,0.4675767241424142,0.6852264547406798,0.191990384900733,0.576401589441547,0.03317128844917296,0.9462216684604929,0.48969647845483294,0.09045767530574665,0.3887601390498262,0.16041111183724652,0.49557522123893816,44.26200000000001,45.677499999999995,11.223333333333333,0.5,14.287142857142857,0.25985940143515546,0.14882970071757773,20.0,0.089525,0.3530416666666667,21.516000000000002,Medium,2,High,3,Far,3,Low,1,Less educated,3,Far,3,Fair,2,Fair,2,Mostly married,2,Older,2,High,3,High,3
33016,HialeahGardens,2.94,45.43,15293,41.9,52873,-0.46,33,0.025,0.0019,0.0093,0.0097,0.941392671,42518,304892,0.4263,16055,0.058607329,2647,45620,0.0076,3368,5.51,80.32,72.27,16.58,19.68,12.52,10.44,39.48,31.11,61,6.44,41.9,45165,0.14,7.01,0.75,0.04,92.06,0.0827,0.1733,0.008,0.3226,0.0397,0.1139,0.0184,1.7,65759.24758,2781.092742,67539.44032,12820.83145,61425.76129,4029.148387,5184.0,221,10,3.0,23.14,1.0,0.16,0.59,0.0,15.04,60.07,3766.49,45.43,0.36363636363636365,0.09613409090909092,0.06252883772532233,0.5005840779473865,0.2815564578363544,0.19779208831646733,0.3225806451612903,0.4084076064793194,0.5646387220617344,0.26018636673887885,0.4865231642705269,0.08623886129886012,0.9571458128770896,0.5216923370879748,0.014320159785992334,0.38258014677481655,0.1281021079468419,0.6415929203539823,46.150000000000006,47.21249999999999,11.222222222222221,0.5,14.285714285714285,0.169921533166093,0.09746076658304649,20.000000000000004,0.075925,0.38587499999999997,25.976000000000003,Low,1,Medium,2,Not far,2,High,2,Less educated,3,Far,3,Inexpensive,1,Poor,1,Mostly married,2,Older,2,High,3,High,3
33018,HialeahGardens,3.26,52.35,17013,41.2,73890,3.24,37,0.0235,0.0022,0.0106,0.0026,0.92306447,51315,519274,0.4795,17452,0.07693553,4277,55241,0.0104,3105,5.98,80.15,71.76,15.39,19.85,13.28,8.72,42.14,31.6,58,4.25,41.2,55592,0.32,5.84,0.17,0.01,93.66,0.1119,0.1794,0.0079,0.3132,0.0484,0.0965,0.0181,2.2,69299.26909,3364.110455,70508.80182,10418.69727,63648.84591,4214.367273,4008.5,147,6,2.0,25.01,1.53,0.15,1.18,0.02,14.28,57.84,623.1,52.35,0.5454545454545454,0.14021363636363635,0.08735896998541327,0.4022440262416433,0.24480149811352828,0.1297148114075437,0.1935483870967742,0.4318809949430717,0.5865610656000004,0.16163159925215895,0.5092210302715361,0.09045237082710766,1.0,0.5452261854135538,0.17505233231167866,0.3317883352645809,0.17995743350404572,0.6106194690265488,45.67000000000001,46.7875,11.223333333333333,0.5,14.287142857142857,0.3231870952686541,0.17334354763432705,20.0,0.0869,0.3743333333333333,25.278000000000006,Medium,2,Medium,2,Far,3,Low,1,Less educated,3,Far,3,Fair,2,Fair,2,Mostly married,2,Older,2,Low,1,High,3
33030,Homestead,3.4,47.51,10683,33.2,49455,-0.6,43,0.0438,0.0088,0.0383,0.0119,0.776697443,28518,470636,0.9502,11164,0.223302557,8199,36405,0.0083,3475,11.99,72.12,62.03,10.24,27.88,9.35,8.89,35.78,41.76,19,4.21,33.2,36717,0.62,28.31,3.55,3.07,64.44,0.0764,0.0838,0.0061,0.2871,0.0292,0.1243,0.0059,1.7,150301.6238,10310.135,52219.78625,3304.86125,100173.6863,20802.43375,1525.0,120,16,1.71,29.86,12.63,3.01,0.66,0.11,20.53,33.22,644.45,47.51,0.8181818181818182,0.21929545454545457,0.3831831006910063,0.11101341645406756,0.24709825857253692,0.10487580496780129,0.5161290322580645,0.968996301506981,0.9467408318159714,0.3105024186129329,0.9578685666614761,0.4678111686553335,0.7360506979259334,0.6019309332906334,0.138586157878637,0.40324449594438005,0.18470781193476882,0.2566371681415931,41.094,43.0675,11.224444444444444,0.5,14.288571428571428,0.14499591622425761,0.09439795811212881,19.997999999999998,0.048875,0.34482500000000005,15.446000000000003,High,3,Medium,2,Far,3,High,2,Educated,2,Far,3,Fair,2,Poor,1,Mostly single,1,Mostly Young,1,Low,1,High,3
33031,Homestead,3.03,37.1,2105,45.3,98476,1.54,47,0.0352,0.0003,0.0136,0.0122,0.680118417,4365,818610,0.5811,2437,0.319881583,2053,7692,0.0093,2783,7.32,81.3,73.64,20.01,18.7,9.38,5.62,46.19,34.23,44,4.59,45.3,6418,0.82,40.79,0.92,0.56,56.91,0.1418,0.1191,0.008,0.3434,0.0715,0.0821,0.0205,2.7,133522.5339,22070.71786,48849.08214,8107.344643,82949.2875,25690.8625,10493.5,8,0,,41.99,4.19,1.26,1.82,0.05,9.58,41.1,100.67,37.1,1.0,0.256525,0.8840543801705688,0.30762044578479086,0.5958374129776798,0.0018399264029438822,0.0,0.8577364986559746,0.776887113996764,0.0009199632014719411,0.8173118063263694,0.579017112936222,0.6874042853332251,0.6332106991347235,0.39947847627501903,0.2696021629972963,0.24997203940919652,0.7920353982300884,47.790000000000006,48.412499999999994,11.22111111111111,0.5,14.284285714285716,0.5024794352721544,0.2688397176360772,20.0,0.08510000000000001,0.39913333333333334,21.956,High,3,High,3,Far,3,Low,1,Less educated,3,Far,3,Fair,2,Wealthy,3,Mostly married,2,Older,2,Low,1,Medium,2
33032,Homestead,3.37,54.81,18465,34.4,65096,6.12,45,0.0584,0.0002,0.0225,0.003,0.725584517,45402,453676,0.4981,17806,0.274415483,17171,57327,0.0095,3004,6.16,72.32,63.08,10.5,27.68,12.18,6.91,38.88,37.74,32,4.29,34.4,62573,0.59,35.23,3.1,0.02,61.07,0.1138,0.1769,0.0058,0.2694,0.0457,0.1183,0.0077,2.0,110915.7854,2783.286342,19786.71177,14973.62763,62931.36484,13105.77943,2101.0,91,7,2.0,23.25,20.17,0.39,1.27,0.01,14.59,40.32,1062.45,54.81,0.9090909090909091,0.23369772727272725,0.06262226092141267,0.5887165767127662,0.32566941881708944,0.078196872125115,0.22580645161290322,0.707834305139967,0.5794858214292488,0.1520016618690091,0.6436600632846079,0.2927214301664213,0.26797261355082025,0.2803470218586208,0.12587045578594436,0.3122827346465817,0.15353300270835227,0.30973451327433627,41.596,43.394999999999996,11.222222222222223,0.5,14.285714285714286,0.25905723120004664,0.15872861560002333,20.002,0.08555,0.33735,18.852,High,3,Medium,2,Far,3,Low,1,Educated,2,Not far,2,Fair,2,Fair,2,Mostly single,1,Mostly Young,1,Low,1,High,3
33033,Homestead,3.31,53.48,20593,33.5,60368,1.99,42,0.0565,0.0014,0.0299,0.003,0.763181399,52123,426643,0.5419,20659,0.236818601,16174,68121,0.0087,3694,6.63,71.16,61.81,10.05,28.84,11.27,8.13,38.07,38.76,28,3.77,33.5,68297,0.38,30.88,4.4,0.6,63.74,0.1138,0.1662,0.006,0.2584,0.056,0.0983,0.0075,1.8,132354.7019,3377.085101,28359.43101,18067.04591,84280.63758,18049.54054,1710.0,149,8,2.0,28.32,14.74,0.52,1.14,0.05,16.03,39.21,961.17,53.48,0.7727272727272727,0.20175681818181818,0.08791154698097338,0.7153568435785793,0.40163419527977634,0.13155473781048757,0.25806451612903225,0.8499927676874016,0.790015860226612,0.1948096269697599,0.8200043139570068,0.4051861198761125,0.3916951426073649,0.3984406312417387,0.10560255633595844,0.4455388180764774,0.1846026679573266,0.2699115044247788,41.071999999999996,42.965,11.223333333333333,0.5,14.287142857142857,0.22457849600373372,0.14053924800186687,20.0,0.08549999999999999,0.31966666666666665,17.848000000000003,High,3,High,3,Far,3,Low,1,Educated,2,Not far,2,Fair,2,Fair,2,Mostly single,1,Mostly Young,1,Low,1,High,3
33034,Homestead,3.19,46.67,6482,34.2,43562,0.25,39,0.0813,0.0156,0.0233,0.014,0.588278932,13481,344173,0.6038,6453,0.411721068,9435,23774,0.0105,3467,7.69,72.57,63.39,11.15,27.43,10.82,11.09,26.37,47.87,9,3.85,34.2,22916,0.09,41.37,5.67,0.49,52.38,0.069,0.0715,0.003,0.281,0.0181,0.1891,0.0031,1.6,154977.2913,5771.195652,49825.67826,6865.093478,105574.5522,23274.11739,2596.5,116,7,1.0,29.11,31.87,1.08,0.42,0.03,13.31,24.18,5.82,46.67,0.6363636363636364,0.1723159090909091,0.1898742837916973,0.2567644008499405,0.2233193423208189,0.10119595216191353,0.22580645161290322,1.0,1.0,0.16350120188740838,1.0,0.5240390339279579,0.7014986395807589,0.6127688367543584,0.04377095541706903,0.40169949787562764,0.1485182315295159,0.3008849557522126,41.74799999999999,43.635,11.222222222222221,0.5,14.285714285714286,0.10202146899247419,0.0916607344962371,20.0,0.040400000000000005,0.35750000000000004,12.226,Medium,2,Medium,2,Far,3,Low,1,Less educated,3,Far,3,Inexpensive,1,Poor,1,Mostly single,1,Mostly Young,1,Low,1,High,3
33054,Opa-Locka,3.05,44.32,9730,35.1,34679,-0.86,33,0.0898,0.0069,0.0659,0.0127,0.47612533,14269,388973,0.7573,10788,0.52387467,15700,31590,0.0068,3817,9.6,73.67,63.71,14.32,26.33,12.25,8.7,22.15,51.21,3,5.69,35.1,29969,0.79,58.86,5.69,0.47,34.19,0.0571,0.0666,0.0008,0.4035,0.0173,0.1465,0.001,1.5,53418.89034,3726.233103,40306.30207,3844.146897,53418.89034,1313.757931,1848.0,65,9,1.0,14.69,50.31,0.21,0.34,0.04,10.87,23.55,1232.56,44.32,0.36363636363636365,0.11228409090909092,0.10278140577719573,0.1330910251287608,0.11793621545297828,0.05427782888684453,0.2903225806451613,0.3265804202721944,0.4856811448047499,0.1723002047660029,0.4061307825384721,0.024466955602005586,0.5641138420276018,0.29429039881480373,0.07735960245437043,0.46929316338354576,0.1785317899968119,0.34070796460177,42.626,44.50749999999999,11.223333333333333,0.5,14.287142857142856,0.037242576279096905,0.06352128813954845,20.0,0.03545,0.46415,10.358,Medium,2,Low,1,Not far,2,Low,1,Less educated,3,Not far,2,Fair,2,Poor,1,Mostly single,1,Mostly Young,1,Low,1,High,3
33055,Opa-Locka,3.42,46.05,12259,40.2,52827,-1.65,37,0.0392,0.0001,0.0226,0.0068,0.734134158,30863,464089,0.6369,12218,0.265865842,11177,37977,0.01,5139,8.13,78.44,70.24,17.25,21.56,11.44,6.66,34.22,40.18,24,7.5,40.2,42040,1.44,28.18,1.98,0.56,67.86,0.0554,0.0967,0.0009,0.4,0.0239,0.1093,0.0059,2.1,66665.26721,5049.736842,51433.7336,17409.42551,66665.26721,1837.169231,2894.0,74,6,1.0,20.42,23.12,0.19,0.84,0.02,14.05,41.36,2112.57,46.05,0.5454545454545454,0.14373863636363635,0.15914808581680348,0.6884347737470132,0.42379142978190837,0.062557497700092,0.1935483870967742,0.4144152961701019,0.6163066827482778,0.1280529423984331,0.5153609894591898,0.03637394061509132,0.7247062902640304,0.3805401154395609,0.13367756698235997,0.7246040942448821,0.28085225506640865,0.5663716814159293,45.538000000000004,46.8725,11.222222222222223,0.5,14.285714285714285,0.16958608015868384,0.10439304007934191,20.004,0.044225,0.451175,16.764000000000003,Medium,2,High,3,Far,3,Low,1,Less educated,3,Not far,2,Fair,2,Fair,2,Mostly single,1,Older,2,Medium,2,High,3
33056,Opa-Locka,3.25,48.33,11108,35.7,52543,0.07,37,0.0997,0.0014,0.0391,0.0048,0.314931405,11455,444119,0.5841,12053,0.685068595,24918,37274,0.0082,3056,7.34,74.85,65.1,14.5,25.15,11.78,8.35,27.78,47.33,10,4.75,35.7,36373,0.02,69.65,7.13,1.41,21.78,0.0872,0.0991,0.0038,0.3788,0.0423,0.0946,0.0092,1.8,63881.65299,3464.362393,42605.96154,12683.54872,63881.65299,2004.612821,2370.5,116,5,1.0,8.72,66.66,0.15,0.43,0.01,6.94,17.1,1899.46,48.33,0.5454545454545454,0.14768863636363636,0.0916285982048743,0.49496391281302016,0.2932962555089472,0.10119595216191353,0.16129032258064516,0.39595753885571633,0.5888568292160075,0.13124313737127935,0.4924071840358619,0.040183083284856515,0.597302807819188,0.31874294555202226,0.11870512766684861,0.32232522209347236,0.15237961769478117,0.3672566371681418,43.059999999999995,44.9,11.223333333333334,0.5,14.287142857142857,0.16751502246076658,0.13360751123038328,19.998,0.0581,0.4297,12.532,Medium,2,Medium,2,Not far,2,Low,1,Less educated,3,Not far,2,Fair,2,Fair,2,Mostly single,1,Mostly Young,1,Medium,2,High,3
33122,MiamiGardens,2.26,45.46,970,39.3,59760,16.87,33,0.0419,0.0,0.002,0.0251,0.803375912,1761,1619576,1.4527,1013,0.196624088,431,1873,0.0108,5610,18.46,77.42,69.02,13.18,22.58,7.42,16.58,36.26,37.49,33,2.25,39.3,2192,2.19,17.82,4.97,0.0,75.02,0.0998,0.2241,0.0033,0.0668,0.2148,0.1804,0.0542,1.4,46698.12059,3254.091176,41712.20588,3817.638235,31289.05,3584.817647,8988.5,137,0,,25.87,3.33,0.14,4.15,0.0,17.97,48.54,498.75,45.46,0.36363636363636365,0.09768409090909091,0.0826733606328723,0.13200579716213237,0.10733957889750234,0.12051517939282429,0.0,0.28201593424533267,0.26745375120222414,0.060257589696412144,0.2747348427237784,0.07613086504040469,0.5844040171883402,0.33026744111437245,1.0,0.8155658555426806,0.6554697566628042,0.5265486725663716,44.300000000000004,45.55,11.222222222222221,0.5,14.285714285714285,0.2201446823405869,0.13102234117029346,20.0,0.1355,0.1721,19.102,Low,1,Low,1,Nearby,1,Low,1,Highly Educated,1,Not far,2,Costly,3,Fair,2,Mostly single,1,Older,2,Low,1,High,3
33125,MiamiGardens,2.57,31.53,20455,44.0,34947,4.56,34,0.0331,0.0019,0.0827,0.0279,0.909565088,49001,451008,0.9161,22255,0.090434912,4872,54873,0.0092,3530,11.6,80.63,73.93,21.07,19.37,12.51,9.07,29.51,41.54,20,7.36,44.0,53873,0.26,10.3,0.91,0.06,88.47,0.0525,0.1143,0.0028,0.3313,0.0296,0.1571,0.0168,1.3,16833.94464,2005.239286,17722.4625,4878.533036,12665.19375,1835.375,2616.5,130,8,1.0,25.53,4.75,0.46,0.51,0.01,20.38,48.35,5527.57,31.53,0.4090909090909091,0.13039772727272728,0.02948602702271057,0.17543736333080245,0.10246169517675652,0.1140754369825207,0.25806451612903225,0.08399075240845796,0.08379966487248926,0.18606997655577648,0.08389520864047362,0.0363331239922423,0.23818111646132428,0.1372571202267833,0.12387013189541934,0.41386635766705293,0.18290796005828364,0.7345132743362832,47.800000000000004,48.75,11.221111111111112,0.5,14.284285714285716,0.03919695467008926,0.03614847733504463,20.0,0.0498,0.40026666666666666,15.690000000000001,Medium,2,Low,1,Nearby,1,Low,1,Less educated,3,Nearby,1,Fair,2,Poor,1,Mostly single,1,Older,2,High,3,Medium,2
33126,MiamiGardens,2.55,32.16,18859,45.4,47299,0.35,33,0.0216,0.0051,0.0431,0.0196,0.946779116,45915,315390,0.4658,19530,0.053220884,2581,46798,0.011,3801,5.86,82.58,76.45,21.89,17.42,14.26,11.68,33.43,32.15,55,8.48,45.4,48496,0.44,5.74,1.04,0.13,92.65,0.0939,0.1946,0.0041,0.2981,0.0448,0.1,0.0181,1.5,31629.70989,3179.159341,24395.43407,3764.010989,14666.98681,2020.49011,2291.0,257,11,,24.38,1.19,0.18,0.76,0.02,15.85,57.63,3722.29,32.16,0.36363636363636365,0.1078590909090909,0.07948208988405149,0.12981037186558353,0.1046462308748175,0.23091076356945722,0.3548387096774194,0.18209940636738167,0.10353980195905554,0.2928747366234383,0.1428196041632186,0.04054427273982516,0.3344862555717498,0.18751526415578748,0.02219099944218854,0.46620316724604094,0.1597373499506877,0.7964601769911503,48.748000000000005,49.58500000000001,11.223333333333333,0.5,14.287142857142857,0.1292733796161251,0.07543668980806255,20.0,0.08435,0.35955,24.570000000000004,Medium,2,Low,1,Nearby,1,High,2,Less educated,3,Nearby,1,Fair,2,Poor,1,Mostly married,2,Older,2,High,3,Medium,2
33127,MiamiGardens,2.76,39.8,9782,36.8,35140,-1.36,36,0.0847,0.0108,0.1379,0.0149,0.55815317,15232,472040,0.897,11396,0.44184683,12058,28306,0.0084,2162,11.43,75.2,66.3,15.08,24.8,13.2,11.04,20.99,49.44,7,5.34,36.8,27290,0.08,38.58,14.02,0.2,47.13,0.0772,0.0902,0.0012,0.339,0.0295,0.1572,0.0103,1.1,15414.84118,1499.463866,24921.10756,3176.717647,15414.84118,6231.392437,1109.0,445,18,2.0,14.79,40.03,0.35,0.41,0.05,17.12,27.24,3428.05,39.8,0.5,0.1659,0.007945565571065042,0.10576739454167787,0.05685648005637146,0.40386384544618215,0.5806451612903226,0.07458087546484726,0.11091456415579713,0.4922545033682524,0.0927477198103222,0.1363372961215459,0.34207283945721256,0.23920506778937922,0.1396388020848953,0.14967168791039012,0.10915702720707517,0.41592920353982293,43.635999999999996,45.345000000000006,11.22111111111111,0.5,14.284285714285714,0.040604398809871066,0.06265219940493554,20.002000000000002,0.049525,0.4079083333333334,11.514,Medium,2,Low,1,Nearby,1,High,2,Less educated,3,Not far,2,Inexpensive,1,Poor,1,Mostly single,1,Older,2,Medium,2,Medium,2
33128,DowntownMiami,2.19,26.4,3803,42.3,29572,3.54,33,0.0615,0.0198,0.129,0.0801,0.889557768,7684,285792,0.6996,4298,0.110442232,954,8989,0.0079,2326,8.15,78.83,72.38,20.87,21.17,17.45,11.38,24.38,39.77,25,7.02,42.3,8638,0.11,17.62,4.08,0.39,77.79,0.059,0.1129,0.0016,0.3092,0.044,0.1139,0.0152,0.9,4167.3,1876.65,9527.25,2939.6,4167.3,663.3,33.5,57,0,3.0,25.99,5.99,1.01,0.82,0.06,22.39,43.75,9600.0,26.4,0.36363636363636365,0.1481340909090909,0.02400953993249646,0.09606012595507288,0.06003483294378467,0.046918123275068994,0.0,0.0,0.0,0.023459061637534497,0.0,0.00966981072557713,0.11990681069322731,0.06478831070940222,0.0,0.1813441483198146,0.062303244495944377,0.65929203539823,47.11,48.3125,11.223333333333333,0.5,14.287142857142857,0.0,0.03075,19.998,0.05437499999999999,0.3652916666666666,17.046,Medium,2,Low,1,Nearby,1,Low,1,Less educated,3,Nearby,1,Inexpensive,1,Poor,1,Mostly single,1,Older,2,High,3,Medium,2
33129,DowntownMiami,2.1,20.13,7317,44.4,89917,-0.52,29,0.0333,0.0211,0.0347,0.0249,0.758343594,11702,704722,0.5961,8352,0.241656406,3729,15184,0.0109,4256,7.25,82.63,77.72,19.61,17.37,13.32,5.63,41.41,35.17,39,4.47,44.4,15431,0.35,19.51,7.52,0.52,72.1,0.0699,0.3314,0.0208,0.1347,0.2071,0.0336,0.0813,1.4,8832.055556,1740.033333,3725.222222,1697.557778,8832.055556,3227.448889,5052.0,35,3,,36.19,1.33,0.21,1.32,0.02,9.91,51.01,6066.57,20.13,0.18181818181818182,0.06562954545454545,0.01819117483842804,0.04521263485772039,0.03170190484807421,0.02667893284268629,0.0967741935483871,0.030931342915606935,0.04600021650128095,0.061726563195536696,0.03846577970844394,0.06800115052019645,0.03617123855398574,0.052086194537091096,0.3140913371280507,0.5540749324063345,0.30275901457312066,0.7522123893805309,48.346000000000004,49.332499999999996,11.22111111111111,0.5,14.284285714285714,0.4400632985240068,0.23668164926200339,20.0,0.1573,0.1983333333333333,20.766,Low,1,Low,1,Nearby,1,Low,1,Highly Educated,1,Nearby,1,Costly,3,Wealthy,3,Mostly married,2,Older,2,High,3,Low,1
33130,DowntownMiami,2.01,19.39,17239,39.7,52267,1.11,30,0.0263,0.0117,0.1429,0.1172,0.747954643,26055,553734,0.7979,19910,0.252045357,8780,32946,0.0079,3162,9.63,83.28,76.68,15.53,16.72,12.77,11.75,28.36,42.67,16,4.45,39.7,34835,0.97,21.51,3.92,1.91,71.68,0.0742,0.2283,0.0075,0.2216,0.1121,0.0737,0.0615,1.0,6606.15,3768.95,8413.95,4945.55,6606.15,3118.15,206.5,340,15,2.67,34.03,3.86,0.9,2.18,0.02,16.58,42.43,17775.14,19.39,0.22727272727272727,0.1247681818181818,0.10460067503540209,0.17818094516723507,0.14139081010131857,0.30726770929162833,0.4838709677419355,0.016171673898903005,0.024050055070913356,0.3955693385167819,0.020110864484908182,0.06551473069458337,0.10383952938580274,0.08467713004019306,0.20088859965331718,0.34279644650444185,0.1910943738126594,0.5442477876106196,46.382000000000005,48.0525,11.222222222222221,0.5,14.285714285714285,0.16550230441631178,0.09590115220815588,19.998,0.10552500000000001,0.28134166666666666,14.666,Medium,2,Low,1,Nearby,1,High,2,Educated,2,Nearby,1,Fair,2,Poor,1,Mostly single,1,Older,2,High,3,Low,1
33133,CoconutGrove,2.28,24.13,14809,44.6,90028,0.51,30,0.0432,0.0095,0.0363,0.0437,0.587534291,19918,1139618,0.9966,16982,0.412465709,13983,34500,0.0064,2451,12.46,81.42,75.43,20.62,18.58,14.11,4.94,45.17,28.81,69,6.99,44.6,33901,0.7,35.0,7.94,0.94,55.42,0.0668,0.2939,0.0251,0.181,0.1531,0.0387,0.0851,1.5,24315.44292,13047.21321,2939.037264,2536.28066,10441.77123,2092.949057,5700.0,250,6,,43.41,7.36,0.24,1.4,0.02,8.56,39.01,4062.71,24.13,0.22727272727272727,0.07919318181818182,0.4997524817665911,0.07954878987744951,0.28965063582202033,0.22447102115915363,0.1935483870967742,0.13359952312390325,0.06187398922539782,0.2090097041279639,0.09773675617465054,0.04219262766833544,0.0248249214068989,0.03350877453761717,0.640153128242654,0.20548474314407106,0.324106674240283,0.7610619469026549,48.13000000000001,49.0125,11.222222222222221,0.5,14.285714285714285,0.4408727612157984,0.2420363806078992,20.0,0.134725,0.23880833333333334,28.042,Low,1,Medium,2,Nearby,1,High,2,Highly Educated,1,Nearby,1,Costly,3,Wealthy,3,Mostly married,2,Older,2,High,3,Low,1
33134,SouthwestMiami,2.32,24.75,16474,46.7,77047,-0.13,29,0.0209,0.0084,0.0289,0.0351,0.785443518,30044,814156,0.7508,18350,0.214556482,8207,37958,0.0095,3370,9.44,83.4,77.2,23.11,16.6,12.78,6.34,43.6,29.53,67,7.75,46.7,38251,1.13,20.52,3.98,0.11,74.26,0.084,0.2691,0.0247,0.1814,0.1437,0.0444,0.0666,1.5,27829.54377,10250.79392,15211.70669,7170.42614,6401.364438,5058.558663,2120.0,480,6,,34.21,1.11,0.17,1.5,0.03,9.1,53.89,3496.37,24.75,0.18181818181818182,0.06355454545454545,0.3806558243630285,0.269264297824277,0.3249600610936528,0.43606255749770007,0.1935483870967742,0.15690103530958827,0.022030618023194986,0.3148054722972371,0.08946582666639162,0.10965672164816562,0.20194558255894335,0.1558011521035545,0.3961391049825159,0.38296639629200463,0.2828455608806078,0.8539823008849559,49.40200000000001,50.07750000000001,11.223333333333333,0.5,14.287142857142857,0.34620938101627674,0.18355469050813836,20.000000000000004,0.13037500000000002,0.23965833333333336,27.494000000000003,Low,1,Medium,2,Nearby,1,High,2,Highly Educated,1,Nearby,1,Fair,2,Fair,2,Mostly married,2,Older,2,Medium,2,Low,1
33135,SouthwestMiami,2.44,28.7,14914,46.0,33593,-0.49,34,0.0525,0.0071,0.1055,0.0381,0.938056736,34225,488826,1.0523,15635,0.061943264,2260,34742,0.0067,2350,13.35,82.15,76.18,23.28,17.85,12.8,8.77,29.83,38.91,26,9.69,46.0,36485,0.31,7.33,0.29,0.03,92.04,0.0516,0.1315,0.004,0.339,0.034,0.1118,0.0136,1.2,14629.07627,5935.705085,11382.33051,8081.262712,9398.4,5774.318644,2150.0,258,21,2.0,26.16,2.08,0.57,0.41,0.01,18.34,52.42,7532.2,28.7,0.4090909090909091,0.13994772727272728,0.1968805734606744,0.30655268759522725,0.2517166305279508,0.23183072677092917,0.6774193548387096,0.06937057803543549,0.05158506799575819,0.4546250408048194,0.06047782301559684,0.12593941055215668,0.1466795587414539,0.1363094846468053,0.15222404827168418,0.18597914252607184,0.12338336206649522,0.8230088495575222,49.092000000000006,49.865,11.221111111111112,0.5,14.284285714285716,0.02932296832156817,0.040911484160784085,20.0,0.055275000000000005,0.39469166666666666,17.418,Medium,2,Medium,2,Nearby,1,High,2,Less educated,3,Nearby,1,Inexpensive,1,Poor,1,Mostly single,1,Older,2,High,3,Medium,2
33136,NorthwestMiami,2.2,29.52,6891,37.5,34500,6.46,32,0.0737,0.0082,0.1335,0.0448,0.570312027,9413,346348,0.7497,7772,0.429687973,7092,16854,0.0077,2447,9.48,76.69,68.26,15.27,23.31,13.18,8.53,21.6,51.28,2,5.41,37.5,16505,0.11,39.5,4.73,0.48,55.18,0.0962,0.1284,0.0075,0.2942,0.0477,0.1229,0.0195,1.0,6289.128571,1312.9,13499.27143,593.1571429,6289.128571,769.2142857,2064.0,84,12,2.0,21.25,35.09,0.27,1.38,0.01,13.79,28.21,5794.58,29.52,0.3181818181818182,0.12617045454545456,0.0,0.0,0.0,0.07175712971481141,0.3870967741935484,0.014069549057788452,0.020923834587443835,0.2294269519541799,0.017496691822616144,0.01207923484863596,0.17723150814668,0.09465537149765799,0.04540165424086659,0.20471224410969485,0.08727433492925508,0.44690265486725667,44.206,45.8825,11.222222222222223,0.5,14.285714285714285,0.03593722653287439,0.054818613266437194,20.0,0.06995,0.3584833333333334,10.144000000000002,Medium,2,Low,1,Nearby,1,High,2,Less educated,3,Nearby,1,Inexpensive,1,Poor,1,Mostly single,1,Older,2,High,3,Medium,2
33137,NortheastMiami,1.93,20.32,14004,39.8,71359,8.41,29,0.0499,0.0177,0.0401,0.053,0.547776761,14968,725421,0.8161,14313,0.452223239,12357,25283,0.0116,3070,9.77,82.78,76.58,13.72,17.22,14.39,10.87,25.83,46.09,12,2.82,39.8,27325,1.44,32.67,14.58,1.26,50.04,0.081,0.3022,0.0255,0.1716,0.1047,0.0568,0.0633,1.2,16918.39375,4069.554167,21978.41458,1310.733333,16918.39375,1808.554167,6019.5,362,10,3.0,38.05,12.57,0.22,2.3,0.04,11.43,35.4,8533.63,20.32,0.18181818181818182,0.07315454545454546,0.11740310120207408,0.029376576972583675,0.07338983908732888,0.32750689972401104,0.3225806451612903,0.08455072266820028,0.12574143834261195,0.3250437724426507,0.10514608050540611,0.03572298191741611,0.29960353566574255,0.16766325879157934,0.3296103417045039,0.3250289687137891,0.2409528272959383,0.5486725663716813,46.02,47.575,11.223333333333333,0.5,14.287142857142856,0.3047298874044688,0.1773149437022344,19.998000000000005,0.12835000000000002,0.23331666666666667,13.182,Low,1,Low,1,Nearby,1,High,2,Highly Educated,1,Nearby,1,Fair,2,Fair,2,Mostly single,1,Older,2,High,3,Low,1
33138,NortheastMiami,2.23,26.68,12011,43.2,61003,-0.83,34,0.0343,0.0119,0.0768,0.0161,0.451681991,12232,777439,1.0086,14223,0.548318009,14849,28609,0.0084,3198,12.67,79.15,71.44,18.91,20.85,10.17,6.54,38.36,40.28,23,4.66,43.2,27081,1.39,37.74,21.86,0.53,38.47,0.0977,0.201,0.021,0.2265,0.1237,0.0927,0.033,1.4,28865.83962,7706.228462,21282.21923,2260.807692,28436.66808,1444.130385,2005.0,243,5,,34.75,26.36,0.18,1.68,0.03,8.73,28.28,3242.58,26.68,0.4090909090909091,0.1284727272727273,0.27228536587131735,0.06827130748608097,0.17027833667869915,0.21803127874885003,0.16129032258064516,0.16377256842929078,0.23932576372481573,0.1896608006647476,0.20154916607705325,0.027432773985936555,0.28955595951073404,0.1584943667483353,0.3686106595970562,0.3497489378138277,0.26076894518297083,0.6991150442477878,46.71000000000001,47.5875,11.223333333333333,0.5,14.287142857142857,0.22920920599731637,0.13175460299865818,19.998,0.11085,0.29435,16.546,Medium,2,Low,1,Nearby,1,Low,1,Educated,2,Nearby,1,Fair,2,Fair,2,Mostly single,1,Older,2,Medium,2,Medium,2
33139,MiamiBeach,1.71,9.29,20701,44.5,63421,-1.83,28,0.0303,0.0963,0.0686,0.1453,0.49252685,17564,463174,0.5974,30347,0.50747315,18097,35100,0.0088,3024,7.3,89.79,86.02,18.71,10.21,15.84,7.58,33.63,38.78,27,4.17,44.5,35661,1.73,31.48,12.99,1.38,52.42,0.0829,0.2775,0.0203,0.1713,0.1315,0.0539,0.0638,0.9,11027.3125,2857.6875,10774.3,6009.075,8839.425,396.575,21369.0,1093,19,2.0,50.68,3.33,0.43,2.15,0.06,11.81,31.54,10737.96,9.29,0.13636363636363635,0.1116409090909091,0.0657909306757807,0.2217201880459782,0.14375555936087947,1.0,0.6129032258064516,0.04548778526452974,0.046072888266269374,0.8064516129032258,0.045780336765399554,0.0036021339719126758,0.13790438830431492,0.0707532611381138,0.1329915488564865,0.3161452298184627,0.15684018848813344,0.756637168141593,49.846000000000004,51.182500000000005,11.222222222222221,0.5,14.285714285714286,0.24684236625634443,0.1385711831281722,20.0,0.12805,0.23195,17.644000000000002,Medium,2,Low,1,Nearby,1,High,2,Highly Educated,1,Nearby,1,Fair,2,Fair,2,Mostly single,1,Older,2,High,3,Low,1
33140,MiamiBeach,2.11,19.75,8991,47.1,100376,-1.32,30,0.0269,0.0356,0.0303,0.0603,0.465401199,8851,698327,0.538,16290,0.534598801,10167,19785,0.008,3779,6.78,82.46,76.68,23.7,17.54,16.38,4.3,46.44,27.86,74,5.01,47.1,19018,1.32,32.33,10.22,4.73,51.39,0.0824,0.3012,0.028,0.1201,0.1523,0.0636,0.1039,1.4,26412.4359,4953.823077,3071.788462,18837.12564,11361.19744,546.9961538,12465.0,129,3,,57.16,1.72,0.18,1.59,0.03,6.29,33.03,5398.12,19.75,0.22727272727272727,0.08836818181818182,0.15506321597938694,0.7468828428738162,0.45097302942660156,0.11315547378104876,0.0967741935483871,0.1475043908446933,0.07094066039588438,0.10496483366471793,0.10922252562028884,0.00702403644888951,0.026740802878347403,0.016882419663618455,0.30929670771279305,0.4619544225569718,0.2703050098522088,0.8716814159292036,49.49600000000001,50.09499999999999,11.222222222222221,0.5,14.285714285714285,0.5163351029694884,0.2716175514847442,19.998,0.14097500000000002,0.1882916666666667,29.226,Low,1,High,3,Nearby,1,Low,1,Highly Educated,1,Nearby,1,Fair,2,Wealthy,3,Mostly married,2,Older,2,High,3,Low,1
33141,MiamiBeach,2.04,22.0,17048,44.9,59617,-0.98,36,0.0389,0.0129,0.1118,0.03,0.690856148,24200,427323,0.534,21704,0.309143852,10829,35967,0.0072,2563,6.71,84.21,78.67,18.8,15.79,16.12,7.62,38.41,33.95,46,3.89,44.9,35029,1.36,19.16,8.2,2.0,69.29,0.1149,0.2194,0.0204,0.2558,0.1122,0.047,0.0299,1.2,34307.88052,16369.06234,6407.631169,14326.14935,24589.53896,238.2311688,3579.0,242,11,,37.49,4.2,0.4,1.6,0.05,13.88,42.38,9341.56,22.0,0.5,0.16367500000000001,0.6412266624077683,0.562209711249678,0.6017181868287231,0.21711131554737811,0.3548387096774194,0.1998579819558679,0.20138834764719127,0.28597501261239877,0.20062316480152959,0.0,0.07488409145347517,0.03744204572673759,0.1061123840142032,0.22711471610660486,0.11777936843766275,0.7743362831858407,48.474,49.3675,11.222222222222223,0.5,14.285714285714285,0.21910186103494544,0.12900093051747272,20.002000000000002,0.116725,0.310375,22.408,Medium,2,High,3,Nearby,1,High,2,Educated,2,Nearby,1,Inexpensive,1,Fair,2,Mostly married,2,Older,2,High,3,Low,1
33142,NorthwestMiami,2.8,39.18,19215,38.0,31338,-1.25,37,0.0721,0.0045,0.1027,0.0234,0.703230902,38286,384525,0.8099,21855,0.296769098,16157,59121,0.0071,3056,10.38,75.14,66.8,15.94,24.86,12.04,9.96,25.66,45.59,14,6.75,38.0,54443,0.08,31.9,2.78,0.06,65.18,0.0588,0.0875,0.0018,0.3392,0.0243,0.1747,0.0039,1.3,20741.00397,3461.912583,27960.40795,2070.078146,20708.85099,8093.651656,1322.0,249,31,1.0,17.58,28.6,0.76,0.19,0.04,19.56,33.28,1932.7,39.18,0.5454545454545454,0.16901363636363637,0.0915242632851013,0.060463103609870804,0.07599368344748605,0.22355105795768168,1.0,0.10989791742001115,0.16312000010981462,0.6117755289788408,0.13650895876491287,0.17870148010288855,0.3859363931659121,0.28231893663440033,0.07402472964138121,0.32232522209347236,0.13340745848459418,0.4690265486725664,44.148,45.685,11.223333333333334,0.5,14.287142857142857,0.012878478501837699,0.042489239250918846,20.0,0.04309999999999999,0.4118,13.682,Medium,2,Low,1,Nearby,1,High,2,Less educated,3,Not far,2,Inexpensive,1,Poor,1,Mostly single,1,Older,2,Medium,2,Medium,2
33143,SouthwestMiami,2.31,26.66,14953,42.4,75349,0.59,34,0.0389,0.0101,0.0791,0.0293,0.66304599,22952,858590,0.8211,14805,0.33695401,11664,31688,0.0089,5082,10.51,81.95,72.67,18.76,18.05,13.29,5.23,41.08,35.02,40,5.38,42.4,34616,2.5,31.87,6.15,0.2,59.28,0.0962,0.3155,0.0264,0.1566,0.1487,0.0283,0.0619,1.6,43446.46146,7693.722439,15130.33512,2732.43561,9707.486829,6302.126829,7944.0,236,5,,37.39,6.05,0.3,3.73,0.02,6.76,45.75,2170.49,26.66,0.4090909090909091,0.13189772727272728,0.2717527470533746,0.08757910229127874,0.17966592467232667,0.21159153633854647,0.16129032258064516,0.2604546364694339,0.054633043582261655,0.1864409294595958,0.1575438400258478,0.1379464194733989,0.20077121814179003,0.16935881880759446,0.4294533447694679,0.7135959830050213,0.39476013280929356,0.663716814159292,46.766000000000005,47.8575,11.222222222222221,0.5,14.285714285714285,0.33382678956886996,0.18636339478443498,20.0,0.1467,0.2149333333333333,20.996,Medium,2,Low,1,Nearby,1,Low,1,Highly Educated,1,Nearby,1,Costly,3,Fair,2,Mostly married,2,Older,2,Medium,2,Medium,2
33144,SouthwestMiami,2.83,30.83,8920,50.0,58787,0.45,33,0.0284,0.003,0.0202,0.0093,0.944762427,24099,588934,0.7696,9760,0.055237573,1409,26596,0.0078,3295,9.69,85.73,79.96,28.41,14.27,15.01,9.87,37.95,28.78,70,8.38,50.0,25508,0.25,5.82,0.51,0.0,93.41,0.1027,0.1679,0.0051,0.2895,0.038,0.0943,0.0165,1.9,37746.5,4900.513475,25817.78936,3301.743262,16554.67589,3068.77234,2970.0,222,10,,27.91,0.82,0.11,0.6,0.01,11.13,59.42,3096.44,30.83,0.36363636363636365,0.0990340909090909,0.15279281417361398,0.11088577033683947,0.13183929225522673,0.19871205151793928,0.3225806451612903,0.2226589877138995,0.12215473372228894,0.2606463483396148,0.17240686071809422,0.064391447613761,0.3550138604972268,0.20970265405549388,0.2272796794683397,0.3684820393974508,0.20925648360657115,1.0,51.674,52.0925,11.222222222222223,0.5,14.285714285714286,0.21304912198821538,0.1207245609941077,19.997999999999998,0.078425,0.34707499999999997,28.242000000000004,Low,1,Low,1,Nearby,1,High,2,Educated,2,Not far,2,Fair,2,Fair,2,Mostly married,2,Older,2,Medium,2,Medium,2
33145,SouthwestMiami,2.47,28.3,11616,46.1,62851,-0.23,31,0.0399,0.005,0.0335,0.0338,0.860872278,24831,677931,0.7444,12777,0.139127722,4013,29240,0.0072,3348,9.48,83.03,77.1,22.59,16.97,13.54,6.92,35.73,35.65,36,8.15,46.1,28844,0.49,10.8,1.94,0.05,86.72,0.0738,0.2073,0.0143,0.2701,0.0849,0.0773,0.0399,1.5,15616.28182,6960.306061,7071.409848,3947.665909,8374.006061,6357.943939,1951.0,167,6,,30.92,1.55,0.36,1.38,0.03,12.16,53.61,4976.8,28.3,0.2727272727272727,0.08625681818181818,0.24051728840195483,0.13732895033600606,0.18892311936898043,0.14811407543698252,0.1935483870967742,0.07591660022859506,0.041483286152979894,0.17083123126687835,0.058699943190787474,0.13921619238858768,0.08446382626113141,0.11184000932485955,0.2940048763517931,0.3787176516029355,0.23841724602159792,0.8274336283185841,49.158,49.9225,11.223333333333333,0.5,14.287142857142857,0.24268566594714427,0.14129283297357215,20.0,0.09507499999999999,0.32755833333333334,20.067999999999998,Low,1,Low,1,Nearby,1,Low,1,Educated,2,Nearby,1,Fair,2,Fair,2,Mostly married,2,Older,2,High,3,Medium,2
33146,CoralGables,2.39,30.82,4965,27.4,112551,4.2,25,0.0484,0.0134,0.0417,0.0757,0.562638037,9171,1615672,0.99,6341,0.437361963,7129,17962,0.0053,2880,12.35,84.42,52.02,14.71,15.58,5.52,3.11,32.94,53.5,1,4.93,27.4,16300,3.12,47.55,3.97,0.58,44.78,0.0587,0.3108,0.0568,0.0942,0.2245,0.0217,0.1042,1.7,33424.02484,15134.3366,8259.970588,2793.02549,11812.64706,1122.88366,6794.0,114,0,2.5,34.99,12.91,0.22,2.96,0.28,13.69,34.94,1926.02,30.82,0.0,0.0327,0.5886409471790122,0.0900595681959955,0.3393502576875038,0.09935602575896964,0.0,0.19399725832356038,0.07539250787430368,0.04967801287948482,0.13469488309893202,0.02012479278629896,0.10161727974226026,0.06087103626427961,0.9970729893296066,0.2883352645809193,0.4906297751061185,0.0,38.826,41.682500000000005,11.221111111111112,0.5,14.284285714285714,0.6051207630826673,0.32676038154133363,20.0,0.1627,0.15566666666666668,9.5,Low,1,Medium,2,Nearby,1,Low,1,Highly Educated,1,Nearby,1,Costly,3,Wealthy,3,Mostly single,1,Mostly Young,1,Medium,2,Medium,2
33147,NorthwestMiami,3.09,41.61,15620,38.1,41913,-0.39,38,0.0582,0.0034,0.063,0.006,0.54172262,26221,398443,0.6659,15999,0.45827738,22182,47065,0.0087,3605,8.49,75.8,67.07,15.98,24.2,13.01,8.11,22.28,51.12,4,5.48,38.1,48403,0.31,48.91,5.96,0.21,44.61,0.0732,0.0911,0.0021,0.3607,0.028,0.1519,0.0064,1.6,30999.14691,8727.340741,37014.44938,3144.457613,30999.14691,6322.192593,1539.0,98,19,1.29,15.97,44.14,0.41,0.14,0.02,13.3,26.02,2365.9,41.61,0.5909090909090909,0.16582727272727274,0.3157735007506309,0.10444671335825247,0.21011010705444166,0.08463661453541858,0.6129032258064516,0.17791823127039724,0.2645949508333093,0.3487699201709351,0.22125659105185327,0.13840289175671433,0.5166054227400492,0.3275041572483818,0.08445970262051426,0.4283507145616068,0.17098909541668772,0.4734513274336284,44.230000000000004,45.762499999999996,11.222222222222221,0.5,14.285714285714286,0.08999620792252494,0.07409810396126247,20.0,0.0486,0.4275333333333333,10.576,Medium,2,Medium,2,Nearby,1,High,2,Less educated,3,Not far,2,Fair,2,Poor,1,Mostly single,1,Older,2,Medium,2,High,3
33149,KeyBiscayne,2.8,38.21,5292,42.9,166700,-0.34,30,0.0377,0.0056,0.0396,0.0446,0.728920941,10815,1583014,0.706,7421,0.271079059,4022,14639,0.012,4671,8.96,75.51,66.58,20.48,24.49,7.42,1.48,59.78,26.38,78,4.95,42.9,14837,0.31,16.04,9.32,0.0,74.33,0.0583,0.3766,0.0237,0.0861,0.2104,0.01,0.1048,1.9,31493.17857,24793.15,1218.921429,25019.97143,31493.17857,945.1214286,24834.5,106,6,3.0,36.58,0.29,0.09,0.59,0.03,6.75,55.66,1536.42,38.21,0.22727272727272727,0.07926818181818182,1.0,1.0,1.0,0.09199632014719411,0.1935483870967742,0.18119408624354186,0.2694667095022618,0.14277235362198415,0.22533039787290182,0.016080913288144295,0.0,0.008040456644072148,0.9725877653353167,0.634221707222866,0.5913016183009865,0.6858407079646017,45.992000000000004,46.765,11.221111111111108,0.5,14.284285714285714,1.0,0.51885,20.0,0.16725,0.14518333333333333,30.326,Low,1,High,3,Nearby,1,Low,1,Highly Educated,1,Nearby,1,Costly,3,Wealthy,3,Mostly married,2,Older,2,Medium,2,Medium,2
33150,NorthwestMiami,2.8,40.28,10096,36.3,35680,-1.02,37,0.0968,0.0038,0.1277,0.0058,0.355050576,10109,413811,0.9423,12101,0.644949424,18363,31807,0.0073,2923,11.83,73.79,64.65,15.55,26.21,11.49,11.12,22.47,49.89,6,5.03,36.3,28472,0.28,41.68,31.3,0.24,26.5,0.0961,0.1003,0.0038,0.3114,0.0385,0.141,0.0105,1.2,29000.06197,1960.802113,28320.32606,4531.932394,29000.06197,3492.623239,1169.5,63,10,1.0,11.8,59.63,0.35,0.47,0.03,9.87,17.84,3145.7,40.28,0.5454545454545454,0.17068863636363635,0.027593492956846707,0.1612480123198095,0.09442075263832811,0.05243790248390064,0.3225806451612903,0.16466257809538112,0.2448815191345851,0.18750927382259547,0.2047720486149831,0.07403355182927165,0.3911307752022065,0.23258216351573907,0.09598180814884569,0.2966396292004635,0.13468461201967732,0.39380530973451316,43.3,45.050000000000004,11.221111111111114,0.5,14.284285714285714,0.04454232541858701,0.07067116270929351,20.0,0.059675000000000006,0.3782916666666667,11.222000000000001,Medium,2,Low,1,Nearby,1,Low,1,Less educated,3,Not far,2,Inexpensive,1,Poor,1,Mostly single,1,Older,2,Medium,2,High,3
33154,MiamiBeach,2.3,30.99,6479,46.6,81856,0.73,36,0.0466,0.0001,0.0568,0.0494,0.473708983,7045,1086218,1.1295,10170,0.526291017,7827,14557,0.008,2684,13.82,78.89,71.66,24.45,21.11,16.04,2.99,50.75,22.23,82,7.99,46.6,14872,0.23,31.83,13.83,3.63,50.47,0.1053,0.2915,0.0261,0.1671,0.1506,0.0128,0.0884,1.4,43380.724,23976.244,2262.258,13611.626,32639.244,654.166,1823.0,147,4,,58.05,1.65,0.17,1.3,0.03,6.99,31.8,5496.65,30.99,0.5,0.15157500000000002,0.9652088031430669,0.5329581133293816,0.7490834582362242,0.1297148114075437,0.12903225806451613,0.2600187405487901,0.2807683216171397,0.12937353473602992,0.27039353108296493,0.009462023081119467,0.015057560571796252,0.01225979182645786,0.6001166605687278,0.25048281189648514,0.3231915077964367,0.8495575221238939,48.542,49.0275,11.22111111111111,0.5,14.284285714285714,0.38127880520389706,0.21393940260194855,19.998,0.143375,0.21915833333333334,31.954,Medium,2,High,3,Nearby,1,Low,1,Highly Educated,1,Nearby,1,Costly,3,Wealthy,3,Mostly married,2,Older,2,High,3,Medium,2
33155,SouthwestMiami,2.75,32.77,15721,46.8,75711,-0.83,33,0.0134,0.0039,0.0133,0.0068,0.871755866,37822,660800,0.6112,15935,0.128244134,5564,43702,0.0104,1526,7.71,83.49,76.47,23.8,16.51,14.65,6.96,41.35,29.09,68,7.94,46.8,43386,0.62,15.36,1.31,0.17,82.54,0.0904,0.2279,0.0144,0.2424,0.0765,0.0755,0.0332,2.0,40238.924,5443.234824,21638.85694,3612.254353,15383.33412,2826.562824,2106.0,297,13,1.0,30.85,1.12,0.18,0.83,0.03,8.69,58.3,2267.36,32.77,0.36363636363636365,0.09690909090909092,0.17590676521757645,0.1235976650338071,0.14975221512569178,0.26770929162833484,0.41935483870967744,0.23918590332814368,0.11060386586433904,0.34353206516900614,0.17489488459624136,0.05888146898502534,0.2947029984143591,0.17679223369969221,0.28116096759295356,0.026844341444573195,0.13091768947055338,0.8584070796460176,49.414,50.067499999999995,11.222222222222223,0.5,14.285714285714285,0.3364666588880462,0.17493332944402312,20.000000000000004,0.1023,0.30166666666666664,27.780000000000005,Low,1,Low,1,Nearby,1,High,2,Educated,2,Nearby,1,Inexpensive,1,Fair,2,Mostly married,2,Older,2,Medium,2,Medium,2
33156,SouthwestMiami,2.66,35.37,12657,43.4,120350,-0.35,36,0.0305,0.0013,0.062,0.0065,0.62079891,20965,1349130,0.7712,13123,0.37920109,12806,32582,0.0096,4981,9.69,81.72,73.13,19.0,18.28,9.67,3.61,53.37,27.99,73,5.35,43.4,33771,2.32,39.5,7.51,0.78,49.9,0.0712,0.303,0.0459,0.1488,0.1613,0.0195,0.0981,2.0,56100.57695,7648.113383,13173.3948,5859.154275,10224.59071,8481.668773,25526.0,340,11,1.5,42.48,2.31,0.23,4.62,0.02,6.23,44.11,1005.26,35.37,0.5,0.14245,0.269810303680753,0.2155826408718805,0.24269647227631674,0.30726770929162833,0.3548387096774194,0.3443623098332477,0.05973232267504434,0.3310532094845239,0.20204731625414604,0.18752840836549908,0.17252841689928441,0.18002841263239175,0.797234034896205,0.694090382387022,0.5367207286745888,0.7079646017699115,47.105999999999995,48.0325,11.222222222222221,0.5,14.285714285714285,0.6619946327518814,0.3462473163759407,20.002000000000002,0.14534999999999998,0.20375,29.0,Medium,2,Medium,2,Nearby,1,High,2,Highly Educated,1,Nearby,1,Costly,3,Wealthy,3,Mostly married,2,Older,2,Low,1,Medium,2
33157,SouthwestMiami,2.93,41.02,22931,41.0,72719,0.25,44,0.0547,0.0029,0.0385,0.0053,0.622075647,42252,580968,0.5669,22536,0.377924353,25669,69152,0.0112,1387,7.16,78.72,70.39,17.85,21.28,10.1,6.15,42.98,35.81,35,4.96,41.0,67921,1.17,41.5,3.87,0.43,53.03,0.0829,0.2067,0.0137,0.2939,0.0641,0.0741,0.0224,2.0,80057.37641,9601.356295,12221.02836,9500.052967,32500.64399,5634.10275,8161.0,328,16,2.0,30.25,18.24,0.25,2.19,0.01,9.34,39.72,1629.59,41.02,0.8636363636363636,0.2275840909090909,0.3529969355096304,0.3646359987599285,0.35881646713477944,0.29622815087396503,0.5161290322580645,0.5032165028047447,0.27940155536528777,0.40617859156601477,0.39130902908501625,0.12274966560692065,0.1587837483470249,0.14076670697697277,0.22130719816701955,0.0,0.09972287926680783,0.6017699115044248,45.848000000000006,47.06,11.222222222222221,0.5,14.285714285714285,0.31464762849308675,0.1846738142465434,20.0,0.09184999999999999,0.3492166666666667,19.838,High,3,Medium,2,Not far,2,High,2,Educated,2,Nearby,1,Inexpensive,1,Fair,2,Mostly single,1,Older,2,Medium,2,High,3
33160,MiamiBeach,2.15,20.84,20654,48.6,58277,0.56,38,0.0394,0.0056,0.0217,0.0158,0.472156159,21044,558921,0.7491,35247,0.527843841,23526,42058,0.0083,3230,9.23,84.01,78.51,26.61,15.99,14.09,6.2,44.15,27.52,75,8.04,48.6,44570,1.04,26.21,19.03,2.42,51.3,0.0756,0.2644,0.0116,0.1683,0.1166,0.0482,0.0473,1.3,59857.97407,13755.88889,4217.537037,5890.914815,55036.37037,300.2592593,26650.0,382,8,2.0,52.71,4.46,0.25,1.61,0.03,8.6,32.34,7470.23,20.84,0.5909090909090909,0.15850227272727274,0.5299342592178533,0.21688287346163634,0.37340856633974484,0.34590616375344985,0.25806451612903225,0.3692770856223767,0.5016314836109916,0.30198533994124105,0.4354542846166842,0.0014110653399608023,0.04327638597554121,0.022343725657751008,0.20477753519310474,0.3559289300888374,0.1969896931038931,0.9380530973451328,50.74400000000001,51.28,11.222222222222221,0.5,14.285714285714288,0.20932996907998366,0.12436498453999183,20.0,0.11705,0.22338333333333332,29.496,Medium,2,Medium,2,Not far,2,High,2,Highly Educated,1,Nearby,1,Fair,2,Fair,2,Mostly married,2,Older,2,High,3,Low,1
33161,NortheastMiami,2.79,41.78,17824,37.3,48416,-0.16,37,0.0602,0.0069,0.0958,0.0228,0.334008329,17484,478824,0.735,18676,0.665991671,34862,52824,0.0073,2755,9.36,76.73,65.71,15.12,23.27,10.17,10.38,30.71,43.94,15,4.8,37.3,52346,0.68,21.07,50.97,0.9,26.38,0.0834,0.121,0.0059,0.3303,0.0448,0.0972,0.0152,1.5,42476.24034,8588.265424,20253.11186,4330.69661,40932.84169,2367.644068,1912.0,165,9,1.0,15.58,55.17,0.45,1.58,0.03,9.43,17.76,3523.62,41.78,0.5454545454545454,0.16773863636363634,0.3098504242501677,0.15300969758769667,0.23143006091893217,0.14627414903403863,0.2903225806451613,0.254021235660664,0.3625533765325711,0.21829836483959997,0.30828730609661753,0.048441612700080884,0.27470375650226025,0.16157268460117058,0.14472508292197236,0.2641946697566628,0.14444843409578778,0.43805309734513265,43.626000000000005,45.2075,11.222222222222225,0.5,14.285714285714288,0.13741905373082083,0.09880952686541042,20.0,0.063775,0.3839583333333333,14.212,Medium,2,Medium,2,Not far,2,High,2,Less educated,3,Nearby,1,Inexpensive,1,Poor,1,Mostly single,1,Older,2,High,3,High,3
33162,NortheastMiami,3.11,42.83,13931,38.2,48650,-1.37,38,0.0659,0.0032,0.0874,0.0188,0.357033201,15582,459600,0.6196,16341,0.642966799,28061,48326,0.0126,5236,8.05,76.81,68.06,15.75,23.19,9.32,9.52,33.65,42.29,17,5.22,38.2,43643,1.44,24.16,44.27,1.16,28.97,0.0821,0.1382,0.0026,0.315,0.0442,0.0956,0.0119,1.7,55873.83232,5782.371103,18983.01141,4072.30038,53023.92205,3032.541825,1947.0,174,14,1.0,19.96,46.99,0.55,3.07,0.04,9.73,19.66,2868.48,42.83,0.5909090909090909,0.17507727272727275,0.19035023489954322,0.14243131323667382,0.16639077406810854,0.1545538178472861,0.45161290322580644,0.34285879784411866,0.4817862725798224,0.3030833605365463,0.41232253521197054,0.06356724645661865,0.25637351198700237,0.1599703792218105,0.13031195455935893,0.7433371958285052,0.2877259405722951,0.4778761061946904,44.402,45.9525,11.222222222222223,0.5,14.285714285714288,0.13912548859459775,0.10251274429729887,20.0,0.066775,0.36912500000000004,14.942000000000002,Medium,2,Low,1,Not far,2,High,2,Less educated,3,Nearby,1,Fair,2,Fair,2,Mostly single,1,Older,2,Medium,2,High,3
33165,SouthwestMiami,3.08,34.55,17138,48.0,69192,-1.34,36,0.0298,0.0026,0.0108,0.007,0.929415317,49246,621581,0.6077,17820,0.070584683,3740,52047,0.008,3734,7.71,84.67,78.35,25.77,15.33,13.41,8.39,38.02,32.45,54,7.74,48.0,52986,0.73,8.37,1.0,0.01,89.89,0.1145,0.1755,0.0123,0.3075,0.0549,0.1,0.0216,2.0,56949.32553,5943.665426,36940.1617,11161.82128,22590.03936,12552.38005,3569.5,252,14,2.33,26.56,0.6,0.26,0.66,0.02,10.73,61.17,2373.7,34.55,0.5,0.1301,0.19721959629901725,0.4326664956339148,0.31494304596646605,0.22631094756209752,0.45161290322580644,0.3499902431862284,0.18167082689180686,0.338961925393952,0.26583053503901766,0.2801322519734573,0.5155332938868775,0.3978327729301674,0.25175665625018745,0.4532638084202395,0.24468180502614684,0.911504424778761,50.42400000000001,51.03,11.222222222222221,0.5,14.285714285714286,0.28892713377282536,0.15936356688641268,20.0,0.08929999999999999,0.3706,24.312000000000005,Medium,2,Medium,2,Nearby,1,High,2,Less educated,3,Not far,2,Fair,2,Fair,2,Mostly married,2,Older,2,Medium,2,Medium,2
33166,NorthwestMiami,2.56,34.22,10250,41.1,67564,4.83,29,0.031,0.003,0.0132,0.0182,0.841445643,23096,573434,0.6033,10478,0.158554357,4352,26364,0.0106,3271,7.36,80.54,73.25,15.96,19.46,14.09,6.65,41.92,31.77,56,5.58,41.1,27448,0.88,19.66,1.97,0.85,76.64,0.1038,0.2118,0.0101,0.2085,0.1005,0.1075,0.0507,1.7,37042.48889,6921.431111,37888.28815,2753.368148,28196.62148,2184.98963,3017.0,400,6,2.67,29.94,2.9,0.26,1.4,0.01,13.06,52.44,1396.57,34.22,0.18181818181818182,0.05405454545454545,0.23886164376444033,0.08843605145190074,0.16364884760817053,0.3624655013799448,0.1935483870967742,0.2179907883198717,0.23695860955396247,0.2780069442383595,0.22747469893691707,0.04428644131604772,0.529216770386617,0.28675160585133236,0.21565860739070195,0.3638470451911935,0.20601755651363884,0.6061946902654868,46.062000000000005,47.30250000000001,11.223333333333333,0.5,14.287142857142857,0.2770550142932151,0.15402750714660757,20.0,0.10655,0.27985,24.848,Low,1,Low,1,Nearby,1,High,2,Educated,2,Not far,2,Fair,2,Fair,2,Mostly married,2,Older,2,Low,1,Medium,2
33167,NorthwestMiami,3.13,43.6,6025,37.5,48515,-1.31,36,0.0516,0.0013,0.0637,0.0181,0.370458512,7005,421005,0.5549,7058,0.629541488,11904,22823,0.0056,2643,7.22,75.6,66.5,16.61,24.4,12.18,10.29,30.6,42.02,18,4.92,37.5,18909,0.15,39.89,31.49,0.26,28.21,0.0848,0.0961,0.003,0.3977,0.0281,0.1121,0.0018,1.7,42383.23947,6332.552632,35228.45,5535.553509,42383.23947,2555.027193,1332.0,43,3,2.0,10.67,61.52,0.38,0.29,0.02,9.66,17.46,1499.41,43.6,0.5,0.145775,0.21378190743284248,0.2023348729805556,0.20805839020669903,0.03403863845446182,0.0967741935483871,0.25340455987414406,0.3768560792341437,0.06540641600142445,0.3151303195541439,0.052704356093431715,0.4908296619807337,0.27176700903708273,0.10137548508604091,0.242564696794129,0.11891960307265506,0.44690265486725667,44.12200000000001,45.777499999999996,11.22222222222222,0.5,14.285714285714288,0.13814100694241876,0.09487050347120939,20.0,0.053000000000000005,0.4527333333333333,15.198,Medium,2,Medium,2,Not far,2,Low,1,Less educated,3,Not far,2,Inexpensive,1,Poor,1,Mostly single,1,Older,2,Low,1,High,3
33168,NorthwestMiami,3.5,46.83,6618,38.8,56870,-1.72,36,0.0479,0.0007,0.0702,0.005,0.301586634,7166,434254,0.582,6791,0.698413366,16595,23458,0.01,3918,7.47,78.14,68.87,17.4,21.86,9.96,11.22,27.59,47.25,11,3.98,38.8,23761,0.57,31.1,43.57,0.41,24.35,0.0863,0.1082,0.0025,0.3644,0.0401,0.0974,0.0048,1.9,42071.67729,1934.043478,28570.28889,8038.717874,42071.67729,4060.185024,1479.0,110,10,3.0,10.62,63.84,0.55,1.01,0.05,8.09,15.84,1951.33,46.83,0.5,0.143975,0.026453869869358288,0.3048109607576646,0.16563241531351144,0.09567617295308188,0.3225806451612903,0.251338634551065,0.37378369364789865,0.2091284090571861,0.3125611640994818,0.08694490790430326,0.39473826923437216,0.2408415885693377,0.11130887759937141,0.488798764001545,0.20116318024021207,0.5044247787610618,45.013999999999996,46.567499999999995,11.222222222222223,0.5,14.28571428571429,0.1990694825272738,0.1234847412636369,20.000000000000004,0.059275,0.416625,12.75,Medium,2,Low,1,Not far,2,High,2,Less educated,3,Not far,2,Fair,2,Fair,2,Mostly single,1,Older,2,Medium,2,High,3
33169,NorthwestMiami,3.01,43.88,13848,36.7,50478,-0.75,36,0.0583,0.0003,0.0641,0.0032,0.190359321,7989,446835,0.6084,14458,0.809640679,33979,42156,0.0076,2459,7.61,75.55,66.57,14.77,24.45,9.96,8.89,28.32,48.86,8,3.97,36.7,41968,0.74,55.82,24.62,1.35,17.47,0.0943,0.1354,0.0037,0.343,0.0499,0.0839,0.0065,1.7,61134.12446,2948.215451,31495.61974,6003.429185,61120.18326,2358.092704,1795.0,171,8,1.0,5.96,77.05,0.15,1.2,0.02,5.0,10.61,2117.01,43.88,0.5,0.1419,0.06964642416498973,0.2214890561867991,0.1455677401758944,0.15179392824287027,0.25806451612903225,0.3777390607143413,0.5616253475409719,0.20492922218595128,0.4696822041276566,0.04822433052065043,0.4369570006492985,0.24259066558497447,0.120741439393485,0.20702974121282347,0.11800549812124103,0.4115044247787612,43.608,45.335,11.22111111111111,0.5,14.284285714285712,0.1524560994107695,0.10537804970538475,20.0,0.070825,0.394575,11.828000000000001,Medium,2,Low,1,Not far,2,High,2,Less educated,3,Not far,2,Inexpensive,1,Fair,2,Mostly single,1,Older,2,Medium,2,High,3
33170,SouthwestMiami,3.35,50.65,4448,35.1,61260,1.97,45,0.0573,0.0018,0.0219,0.0049,0.632066667,9481,523725,0.6594,4856,0.367933333,5519,14477,0.01,3014,8.12,73.11,64.01,12.91,26.89,11.14,9.94,33.62,38.74,29,6.55,35.1,15000,0.09,38.62,3.14,0.05,58.09,0.103,0.1366,0.01,0.3424,0.0378,0.1199,0.0117,2.0,102763.4574,7754.725789,21869.80737,5974.456316,54131.98526,7340.467368,3071.5,13,3,1.5,21.28,28.55,0.58,0.86,0.02,11.74,36.97,377.42,50.65,0.9090909090909091,0.23442272727272725,0.2743508177723832,0.22030294699304723,0.24732688238271522,0.006439742410303588,0.0967741935483871,0.6537773561956302,0.49271313615181456,0.051606967979345345,0.5732452461737223,0.16156743269254864,0.29803610317217877,0.2298017679323637,0.17838945436442483,0.3142139822325222,0.17561997641552662,0.34070796460177,42.404,44.230000000000004,11.222222222222221,0.5,14.285714285714285,0.23108336736479784,0.14419168368239893,19.998000000000005,0.07185,0.40631666666666666,18.05,High,3,Medium,2,Far,3,Low,1,Less educated,3,Not far,2,Fair,2,Fair,2,Mostly single,1,Mostly Young,1,Low,1,High,3
33172,NorthwestMiami,2.7,35.26,16188,42.8,59502,1.14,33,0.0251,0.0042,0.0238,0.0072,0.914219775,40009,314205,0.3917,16136,0.085780225,3754,40278,0.008,3637,5.1,81.13,74.16,17.76,18.87,16.39,8.09,39.19,30.8,65,5.53,42.8,43763,0.97,9.09,1.24,0.17,88.53,0.1161,0.1795,0.0109,0.2456,0.0708,0.1661,0.028,1.7,55035.43548,4293.925806,45922.44194,4312.374194,36556.57419,10490.98065,3705.0,319,0,3.0,22.62,1.27,0.37,2.22,0.02,16.39,57.11,2681.36,35.26,0.36363636363636365,0.09970909090909091,0.12695886142609214,0.1522596032125298,0.13960923231931097,0.28794848206071755,0.0,0.3372995054340275,0.3193980064277888,0.14397424103035877,0.3283487559309082,0.23323786554774595,0.6451666572194934,0.4392022613836197,0.021302549738188493,0.43453070683661643,0.14688023194626032,0.6814159292035398,46.944,47.98,11.222222222222221,0.5,14.285714285714286,0.2182632285164226,0.12168161425821131,20.0,0.09432499999999999,0.33240833333333336,26.840000000000003,Low,1,Low,1,Not far,2,Low,1,Educated,2,Far,3,Inexpensive,1,Fair,2,Mostly married,2,Older,2,Medium,2,Medium,2
33173,SouthwestMiami,2.6,32.69,13432,45.4,73949,0.22,37,0.0325,0.0027,0.0142,0.0051,0.846147432,30441,542827,0.4887,12310,0.153852568,5535,33026,0.0087,6565,6.16,82.91,76.25,22.87,17.09,13.13,7.42,40.15,31.0,63,8.31,45.4,35976,0.88,20.72,3.19,0.08,75.13,0.1293,0.2489,0.0157,0.205,0.0941,0.0646,0.0261,1.9,61160.04439,2975.390909,33980.09412,5918.030481,16534.95455,19103.65615,2729.0,144,6,3.0,31.14,1.58,0.19,1.49,0.04,10.39,55.17,2576.8,32.69,0.5454545454545454,0.14186363636363636,0.0708037993207057,0.21799295133267169,0.1443983753266887,0.12695492180312787,0.1935483870967742,0.37791093215188054,0.12196025709885075,0.16025165444995104,0.24993559462536563,0.42916599721221454,0.47281323775030387,0.4509896174812592,0.19271111364358848,1.0,0.38578444545743534,0.7964601769911503,48.903999999999996,49.78,11.222222222222221,0.5,14.285714285714286,0.32361735021293975,0.1780586751064699,20.0,0.122,0.2672,26.402,Medium,2,Low,1,Nearby,1,Low,1,Educated,2,Far,3,Costly,3,Fair,2,Mostly married,2,Older,2,Medium,2,Medium,2
33174,SouthwestMiami,2.85,32.77,10344,43.1,55024,-1.47,34,0.0459,0.002,0.0184,0.032,0.883570623,28982,442128,0.6079,11454,0.116429377,3819,34335,0.0079,3172,7.69,85.57,71.66,22.14,14.43,12.35,7.81,30.61,41.12,21,8.11,43.1,32801,1.64,12.05,2.03,0.77,83.51,0.0711,0.1841,0.0085,0.2197,0.0443,0.2434,0.0203,1.8,54571.29872,5732.267949,39870.31923,7328.979487,30454.05,7394.476923,1810.0,248,9,,24.4,4.33,0.21,1.72,0.03,17.29,52.02,3546.37,32.77,0.4090909090909091,0.11537272727272728,0.18821639245749086,0.27575525260603634,0.23198582253176359,0.22263109475620976,0.2903225806451613,0.3342218793696064,0.2592196261087528,0.2564768377006855,0.29672075273917964,0.1627960858797237,0.5578216845359195,0.3603088852078216,0.1172123822148114,0.3447276940903824,0.15820326111303926,0.6946902654867257,47.38,48.45,11.222222222222221,0.5,14.285714285714285,0.1856076074908115,0.11575380374540575,20.0,0.077,0.3265,15.975999999999999,Medium,2,Medium,2,Nearby,1,High,2,Educated,2,Not far,2,Fair,2,Fair,2,Mostly single,1,Older,2,High,3,Medium,2
33175,SouthwestMiami,3.1,39.34,16641,45.8,71172,-1.11,40,0.0294,0.0002,0.0103,0.0033,0.93861222,48683,585704,0.6144,17508,0.06138778,3184,50233,0.008,3876,7.86,84.01,77.03,21.74,15.99,12.21,5.95,41.19,32.84,52,7.81,45.8,51867,0.87,8.48,0.83,0.08,89.74,0.0836,0.1873,0.0079,0.2997,0.0562,0.1205,0.0215,2.1,74684.66914,9098.44273,54923.36677,15900.18427,38103.92255,27984.9181,4349.0,234,11,,27.32,0.62,0.13,0.64,0.02,10.39,60.88,2172.66,39.34,0.6818181818181818,0.17390454545454545,0.3315783575558182,0.6266485243302384,0.4791134409430283,0.20975160993560257,0.3548387096774194,0.46759083090007436,0.3346567608702053,0.282295159806511,0.4011237958851398,0.6312041514055585,0.7750691015477005,0.7031366264766294,0.22485799799667713,0.48068752414059485,0.24214945644084931,0.8141592920353982,48.914,49.69250000000001,11.222222222222223,0.5,14.285714285714286,0.30336619800478387,0.16638309900239193,20.0,0.08374999999999999,0.36778333333333335,23.832000000000004,Medium,2,High,3,Not far,2,High,2,Less educated,3,Far,3,Fair,2,Fair,2,Mostly married,2,Older,2,Medium,2,Medium,2
33176,SouthwestMiami,2.66,34.61,18494,44.0,84107,-0.67,38,0.0239,0.0017,0.0333,0.0082,0.692662313,34257,579050,0.5464,20048,0.307337687,15200,52719,0.0105,4754,6.9,81.7,73.89,20.47,18.3,10.97,6.41,45.42,30.98,64,6.22,44.0,49457,0.63,36.51,3.24,0.5,59.12,0.1036,0.2477,0.0189,0.2048,0.1109,0.054,0.0346,2.0,71688.20921,4532.601535,23920.97442,4169.509207,21186.27008,20114.14783,21566.0,257,7,2.0,33.09,11.18,0.17,1.81,0.04,7.69,46.03,1622.35,34.61,0.5909090909090909,0.15852727272727274,0.13712381831539272,0.14641090819561764,0.14176736325550518,0.23091076356945722,0.22580645161290322,0.44772172339486094,0.1678279384440317,0.2283586075911802,0.30777483091944635,0.4521534819868227,0.3276387960679572,0.38989613902738995,0.2198691842157351,0.6502510621861722,0.29352299234214574,0.7345132743362832,47.672,48.59,11.223333333333334,0.5,14.287142857142857,0.39769412519689634,0.21079706259844816,20.0,0.12027499999999999,0.2628916666666667,26.604000000000003,Medium,2,Low,1,Not far,2,High,2,Educated,2,Not far,2,Fair,2,Wealthy,3,Mostly married,2,Older,2,Medium,2,Medium,2
33177,SouthwestMiami,3.34,51.33,16226,39.7,66667,0.55,45,0.0358,0.0028,0.0161,0.005,0.840239344,46761,527671,0.5415,16708,0.159760656,8891,56791,0.0079,3876,6.83,78.56,70.22,14.28,21.44,11.04,10.02,38.69,34.2,45,6.05,39.7,55652,0.8,24.7,2.29,0.24,71.98,0.0971,0.1492,0.0055,0.3608,0.0415,0.0805,0.011,2.2,96361.70121,10097.12314,30767.59759,4933.198592,45940.06901,13334.39296,3596.0,117,6,2.0,25.93,8.86,0.35,1.22,0.01,14.04,49.59,1349.05,51.33,0.9090909090909091,0.23324772727272727,0.3741111419171431,0.17767529560299683,0.27589321876007,0.10211591536338546,0.1935483870967742,0.6113282045524525,0.4119307850646997,0.1478321512300798,0.5116294948085761,0.2979221162721638,0.42645009623711305,0.36218610625463843,0.1813479543914157,0.48068752414059485,0.22464543899874473,0.5442477876106196,44.84,46.125,11.222222222222221,0.5,14.285714285714286,0.27051368064873693,0.15315684032436847,20.002000000000002,0.073325,0.412075,22.16,High,3,Medium,2,Far,3,Low,1,Less educated,3,Not far,2,Fair,2,Fair,2,Mostly married,2,Older,2,Low,1,High,3
33178,NorthwestMiami,3.15,48.08,20928,40.0,82172,3.63,32,0.0218,0.0013,0.0112,0.0061,0.850213917,57829,540747,0.4928,22091,0.149786083,10188,64751,0.008,3906,5.92,77.45,69.52,17.54,22.55,10.95,9.28,50.1,26.46,77,3.2,40.0,68017,1.15,11.13,4.99,0.18,82.55,0.1232,0.2843,0.0125,0.1453,0.1465,0.0851,0.0576,1.8,61744.9956,6305.246154,58578.5967,9061.36044,48173.34542,13139.94249,5170.0,396,9,2.5,25.01,2.6,0.23,2.27,0.02,15.39,54.48,383.6,48.08,0.3181818181818182,0.08419545454545455,0.2126189522683958,0.3466765333198659,0.27964774279413085,0.35878564857405704,0.2903225806451613,0.3817896619691668,0.4339536321643867,0.32455411460960915,0.40787164706677675,0.2934985991794349,0.8278218254573636,0.5606602123183992,0.19115164074542804,0.48648126689841636,0.23040503636769613,0.5575221238938053,45.412000000000006,46.765,11.222222222222221,0.5,14.285714285714285,0.3835832215156642,0.2026916107578321,20.000000000000004,0.141625,0.22087500000000002,30.106,Low,1,Medium,2,Not far,2,High,2,Highly Educated,1,Far,3,Fair,2,Wealthy,3,Mostly married,2,Older,2,Low,1,High,3
33179,NortheastMiami,2.58,33.14,18745,42.5,55119,0.58,36,0.0504,0.0017,0.0416,0.0067,0.439671497,21361,290100,0.3674,20581,0.560328503,27223,48196,0.0072,2536,4.65,80.25,72.65,18.66,19.75,11.78,7.63,36.99,37.99,31,5.62,42.5,48584,0.79,37.7,21.43,1.33,38.75,0.1073,0.1654,0.0067,0.2858,0.0813,0.0676,0.0286,1.6,59755.35393,3077.108989,18654.76124,2815.637079,58807.4809,2625.260674,5762.0,111,7,1.0,26.11,37.01,0.32,1.94,0.06,10.41,24.15,4044.7,33.14,0.5,0.1375,0.07513586903887308,0.09098525538279913,0.0830605622108361,0.09659613615455381,0.22580645161290322,0.36859662579928804,0.5388192630664732,0.1612012938837285,0.45370794443288065,0.05430208431535555,0.25163616552100043,0.152969124918178,0.0032299082909976427,0.22190034762456548,0.0750620676037687,0.668141592920354,46.762,47.8275,11.222222222222223,0.5,14.285714285714285,0.1863003908756782,0.1183501954378391,20.0,0.09017499999999999,0.33839166666666665,18.604,Medium,2,Low,1,Not far,2,Low,1,Educated,2,Nearby,1,Inexpensive,1,Fair,2,Mostly single,1,Older,2,High,3,Medium,2
33180,MiamiBeach,2.26,23.83,15558,47.6,80451,1.6,34,0.0408,0.0055,0.0157,0.0135,0.464480411,16444,551891,0.5085,22320,0.535519589,18959,32881,0.0093,3313,6.28,81.77,75.74,27.2,18.23,14.03,4.44,46.65,26.49,76,8.4,47.6,35403,1.03,33.15,11.69,7.3,46.83,0.0848,0.321,0.0138,0.12,0.1395,0.0337,0.0609,1.5,57203.66964,6462.519643,9176.135714,2895.846429,57012.94464,952.5839286,19619.5,383,8,,57.21,3.39,0.16,1.93,0.03,6.96,30.32,6496.63,23.83,0.4090909090909091,0.11094772727272728,0.2193170704315329,0.09426891525990228,0.15679299284571757,0.3468261269549218,0.25806451612903225,0.35167676347448995,0.5211229324681376,0.302445321541977,0.43639984797131376,0.016250676294140065,0.11483948651805662,0.06554508140609834,0.19950681669595677,0.3719582850521437,0.2006902121940258,0.8938053097345133,50.108000000000004,50.73499999999999,11.222222222222221,0.5,14.285714285714288,0.3710329035645528,0.2059164517822764,20.0,0.13977499999999998,0.17782499999999998,29.904000000000003,Medium,2,Low,1,Not far,2,High,2,Highly Educated,1,Nearby,1,Fair,2,Wealthy,3,Mostly married,2,Older,2,High,3,Low,1
33181,NortheastMiami,2.29,29.68,9225,40.6,50398,3.13,37,0.0703,0.0042,0.0524,0.0084,0.520992714,11441,340069,0.479,9428,0.479007286,10519,20448,0.0084,3026,5.98,79.67,69.12,16.96,20.33,11.66,9.43,32.96,40.55,22,5.4,40.6,21960,0.69,27.64,22.77,1.59,47.32,0.0873,0.1989,0.0112,0.2677,0.0889,0.0708,0.031,1.4,44540.03148,17415.70185,11274.30185,3390.448148,38733.20185,312.25,23735.5,177,4,3.0,28.51,24.49,0.46,1.41,0.01,12.49,32.62,3406.04,29.68,0.5454545454545454,0.15261363636363634,0.6858019761288744,0.11451722571032408,0.40015960091959923,0.15731370745170192,0.12903225806451613,0.2677059466152226,0.3408622273072497,0.14317298275810902,0.30428408696123616,0.0016838404401749115,0.14512047595201338,0.07340215819609415,0.04069399542954481,0.31653147933565084,0.11963704197251318,0.5840707964601771,45.336000000000006,46.52000000000001,11.22111111111111,0.5,14.284285714285712,0.1518727028761449,0.11108635143807245,20.002000000000002,0.096575,0.3234916666666667,16.29,Medium,2,High,3,Not far,2,Low,1,Educated,2,Nearby,1,Inexpensive,1,Fair,2,Mostly single,1,Older,2,Medium,2,Medium,2
33182,NorthwestMiami,3.28,47.86,3993,43.4,96631,-1.43,39,0.0138,0.002,0.0052,0.002,0.931367333,12254,612329,0.5003,4321,0.068632667,903,13163,0.0083,4485,6.25,82.77,74.93,17.56,17.23,10.71,7.5,45.66,31.24,60,4.88,43.4,13157,0.2,6.01,0.29,0.18,93.32,0.0755,0.2639,0.0076,0.255,0.0597,0.1231,0.0215,2.1,70547.13298,1899.812766,56787.87021,2200.190426,44441.01277,24045.38511,3570.0,18,0,,24.66,0.78,0.12,0.9,0.01,12.34,61.19,1183.33,47.86,0.6363636363636364,0.16139090909090908,0.024996018611386162,0.06578972043639303,0.045392869523889594,0.011039558417663294,0.0,0.4401554062021883,0.39714825021163525,0.005519779208831647,0.41865182820691177,0.5415844579245679,0.8019778424703097,0.6717811501974388,0.24482000083971617,0.5983005021243724,0.28571815097319814,0.7079646017699115,47.178,48.122499999999995,11.222222222222221,0.5,14.285714285714285,0.489024852692375,0.2514124263461875,19.999999999999996,0.10167500000000002,0.329925,25.75,Medium,2,Low,1,Not far,2,Low,1,Educated,2,Far,3,Fair,2,Wealthy,3,Mostly married,2,Older,2,Low,1,High,3
33183,SouthwestMiami,2.85,38.93,12707,43.8,65637,-1.25,39,0.0372,0.0002,0.0129,0.0018,0.902105988,32769,393077,0.4587,12647,0.097894012,3556,34057,0.0135,5815,5.84,82.68,75.44,18.78,17.32,11.67,6.28,44.82,31.01,62,6.22,43.8,36325,0.29,12.6,2.01,0.22,84.88,0.1022,0.2039,0.0071,0.2701,0.0621,0.0985,0.0209,2.0,76940.60902,7728.729323,45817.89699,16563.57669,32130.90827,33359.25789,3946.0,132,6,2.0,25.8,1.52,0.17,1.16,0.01,11.87,59.47,2394.63,38.93,0.6363636363636364,0.1628159090909091,0.2732436546885148,0.6538068926791698,0.46352527368384233,0.11591536338546458,0.1935483870967742,0.48254965332658295,0.2757555072574977,0.1547318752411194,0.37915258029204035,0.7534639943527023,0.6436578517574252,0.6985609230550638,0.08043656244189464,0.8551564310544612,0.3022215542930962,0.7256637168141592,47.604,48.555,11.222222222222221,0.5,14.285714285714286,0.26300245026544544,0.15010122513272273,20.0,0.09382499999999999,0.33420833333333333,26.198,Medium,2,High,3,Not far,2,Low,1,Educated,2,Far,3,Costly,3,Fair,2,Mostly married,2,Older,2,Medium,2,Medium,2
33185,SouthwestMiami,3.44,54.11,8414,39.7,96451,0.42,44,0.0183,0.0012,0.0091,0.008,0.863564768,27413,647795,0.4887,9159,0.136435232,4331,29530,0.0099,5222,6.02,79.22,71.31,12.77,20.78,12.06,7.36,41.45,33.89,47,5.25,39.7,31744,0.61,11.59,2.35,0.41,85.04,0.1023,0.2255,0.0042,0.2425,0.0772,0.0984,0.0296,2.3,84417.30074,17692.3145,61709.84907,14151.95688,45843.69071,37599.96729,2374.0,98,4,2.5,27.64,4.84,0.24,1.58,0.03,11.92,53.75,1253.12,54.11,0.8636363636363636,0.2204840909090909,0.69758262795328,0.5550785123977674,0.6263305701755237,0.08463661453541858,0.12903225806451613,0.5321265524136397,0.4109803767072194,0.10683443629996736,0.47155346456042957,0.8499350932201738,0.8730124413500518,0.8614737672851128,0.27141051324652266,0.7406334492081885,0.34065424006106565,0.5442477876106196,44.75600000000001,46.02,11.222222222222221,0.5,14.285714285714288,0.48771221048946967,0.2530061052447348,20.000000000000004,0.10229999999999999,0.3094,22.624000000000002,High,3,High,3,Not far,2,Low,1,Educated,2,Far,3,Costly,3,Wealthy,3,Mostly married,2,Older,2,Low,1,High,3
33186,SouthwestMiami,2.83,40.5,24002,41.3,76482,-0.49,36,0.0213,0.004,0.0162,0.0038,0.814918182,55478,513291,0.4788,24148,0.185081818,12600,68750,0.0088,4722,6.04,80.21,72.33,16.17,19.79,9.74,4.91,47.55,33.74,48,4.06,41.3,68078,1.11,26.14,2.94,0.57,69.24,0.1379,0.2212,0.0104,0.2439,0.083,0.0538,0.0206,2.0,83808.7458,7449.9842,37541.4718,6232.1504,34187.2394,29361.3782,2532.5,441,9,2.0,28.87,4.23,0.2,2.37,0.04,11.26,53.02,2020.9,40.5,0.5,0.131,0.26137218300486575,0.23085258645774365,0.2461123847313047,0.40018399264029436,0.2903225806451613,0.5280913095576844,0.2960334566682993,0.3452532866427278,0.4120623831129918,0.6625169827903805,0.5242114745477018,0.5933642286690411,0.17056659848971048,0.6440710699111626,0.27024796036923293,0.6150442477876105,45.96,47.12499999999999,11.221111111111112,0.5,14.284285714285716,0.34208914299049065,0.18169457149524532,20.0,0.113125,0.2995416666666667,22.852,Medium,2,Medium,2,Not far,2,High,2,Educated,2,Far,3,Fair,2,Fair,2,Mostly married,2,Older,2,Medium,2,High,3
33187,SouthwestMiami,3.44,50.45,5645,40.4,96014,0.55,47,0.0306,0.0046,0.0103,0.0005,0.839050945,16338,669947,0.4594,5833,0.160949055,3134,19346,0.0086,2643,5.77,79.2,70.7,15.19,20.8,11.61,6.72,42.97,33.24,51,5.46,40.4,19472,0.38,23.62,0.67,0.17,75.15,0.1271,0.2335,0.0152,0.2624,0.0519,0.0538,0.0069,2.5,103502.2966,21052.65817,44128.67933,4165.038462,52528.34375,25849.81298,4933.5,29,0,,30.24,4.12,0.34,1.72,0.01,12.26,51.3,51.87,50.45,1.0,0.25385,0.8406962519564314,0.1462278820773751,0.49346206701690326,0.021159153633854646,0.0,0.6586764957926231,0.47689926214172673,0.010579576816927323,0.5677878789671749,0.582633047447347,0.619278856578507,0.6009559520129271,0.28801889961193117,0.242564696794129,0.19657696888301118,0.5752212389380531,45.257999999999996,46.472500000000004,11.22111111111111,0.5,14.284285714285716,0.4845254069190829,0.25756270345954146,19.998,0.106925,0.315975,23.552,High,3,High,3,Far,3,Low,1,Educated,2,Far,3,Fair,2,Wealthy,3,Mostly married,2,Older,2,Low,1,High,3
33189,SouthwestMiami,2.85,42.54,9069,38.5,63102,-0.74,47,0.0395,0.004,0.0294,0.0117,0.724063512,18788,513024,0.6182,8822,0.275936488,7160,24575,0.0138,3287,7.79,76.8,68.24,14.31,23.2,12.68,7.25,40.42,34.69,41,4.96,38.5,25948,0.74,35.85,5.63,0.26,57.51,0.0913,0.175,0.0075,0.3237,0.0454,0.0958,0.0184,1.9,88563.72803,7284.779545,11792.5125,11350.79924,42684.46136,4352.212879,1694.0,105,0,3.0,28.49,12.53,0.34,1.71,0.03,10.98,45.91,1860.29,42.54,1.0,0.261275,0.2543362845370045,0.4404029920013433,0.3473696382691739,0.09107635694572216,0.0,0.559620932953399,0.379826496866661,0.04553817847286108,0.46972371491002995,0.09358819453737476,0.1525993552209017,0.12309377487913822,0.17036641615134085,0.36693704132869837,0.19202767885914585,0.49115044247787615,44.21,45.637499999999996,11.22111111111111,0.5,14.284285714285714,0.2445160725745289,0.14200803628726444,19.998,0.0798,0.3822333333333333,21.262000000000004,High,3,Medium,2,Not far,2,Low,1,Less educated,3,Nearby,1,Fair,2,Fair,2,Mostly married,2,Older,2,Medium,2,High,3
33190,SouthwestMiami,3.03,52.08,4866,33.7,72722,-0.45,46,0.0491,0.0004,0.0312,0.0094,0.762847458,11252,441796,0.5087,5464,0.237152542,3498,16909,0.0107,4447,5.98,72.35,63.51,8.54,27.65,8.82,7.18,43.93,36.52,34,3.55,33.7,14750,0.73,26.77,5.58,0.42,66.5,0.1246,0.2386,0.0174,0.2036,0.0373,0.0696,0.0043,1.8,94269.98692,4196.176923,11914.38923,9857.835385,48269.43769,2502.983077,0.0,6,0,3.0,28.2,11.55,0.36,1.4,0.03,13.06,45.4,2483.84,52.08,0.9545454545454546,0.24888636363636366,0.1227958357768763,0.37928311621842364,0.25103947599765,0.0,0.0,0.597458339088174,0.43490121991492037,0.0,0.5161797795015473,0.05152041430762904,0.15435829504461412,0.10293935467612159,0.11696346634837425,0.5909617612977984,0.2347739149286892,0.2787610619469028,41.15,43.012499999999996,11.222222222222221,0.5,14.285714285714286,0.3146695058631352,0.18188475293156758,20.0,0.10447500000000001,0.261625,19.496000000000002,High,3,Medium,2,Far,3,Low,1,Educated,2,Nearby,1,Fair,2,Fair,2,Mostly single,1,Mostly Young,1,Medium,2,High,3
33193,SouthwestMiami,3.1,49.5,15128,39.9,72821,-0.68,44,0.0253,0.0012,0.0136,0.0072,0.911394025,42738,448045,0.4747,16095,0.088605975,4155,47116,0.0083,3354,5.97,79.23,70.98,14.05,20.77,10.62,7.45,40.29,35.41,38,6.24,39.9,46893,1.47,7.55,1.09,0.27,89.61,0.1039,0.2343,0.0039,0.2496,0.0428,0.1585,0.0213,2.0,89405.48814,20626.4996,56486.16285,10696.31621,45339.75771,44196.57154,1728.0,68,0,,24.22,1.72,0.22,1.9,0.03,13.87,58.05,2089.14,49.5,0.8636363636363636,0.22140909090909092,0.8225465912841643,0.4136093617592844,0.6180779765217244,0.05703771849126035,0.0,0.5652025267373647,0.40601097867041896,0.028518859245630176,0.48560675270389186,1.0,0.7976235650737047,0.8988117825368523,0.1216486327621264,0.3798764001544998,0.17092237315120049,0.5530973451327433,44.986000000000004,46.25750000000001,11.223333333333333,0.5,14.287142857142857,0.3153914590747331,0.17034572953736654,19.998,0.096225,0.3345083333333333,20.520000000000003,High,3,High,3,Not far,2,Low,1,Educated,2,Far,3,Fair,2,Fair,2,Mostly married,2,Older,2,Medium,2,High,3
33194,SouthwestMiami,3.57,61.82,1527,36.5,99152,-0.13,45,0.0281,0.0011,0.0031,0.0027,0.896877788,5027,566103,0.3568,1962,0.103122212,578,8617,0.008,2445,4.28,73.88,65.23,9.42,26.12,12.04,4.61,49.98,29.96,66,3.42,36.5,5605,1.65,7.32,4.7,0.02,86.31,0.09,0.3001,0.0046,0.206,0.078,0.0583,0.0429,2.3,82645.48966,11374.00345,65429.29655,10815.31034,48856.16552,35313.85517,5504.0,13,0,3.0,27.4,2.0,0.25,2.12,0.02,14.29,53.92,13.86,61.82,0.9090909090909091,0.22899772727272727,0.4284921774682979,0.41848081689876365,0.42348649718353076,0.006439742410303588,0.0,0.5203779204780048,0.4406870766191612,0.003219871205151794,0.480532498548583,0.7979287594801999,0.9266919607692125,0.8623103601247062,0.21016221517127212,0.20432599459250675,0.1533626844462609,0.4026548672566372,42.230000000000004,43.6625,11.222222222222221,0.5,14.285714285714285,0.5074091359897323,0.26775456799486613,20.0,0.118175,0.264825,27.210000000000004,High,3,High,3,Not far,2,Low,1,Educated,2,Far,3,Fair,2,Wealthy,3,Mostly married,2,Older,2,Low,1,High,3
33196,SouthwestMiami,3.19,50.38,16901,39.6,84876,1.53,45,0.0276,0.0033,0.0246,0.0061,0.847932998,45863,554720,0.4775,17334,0.152067002,8225,54187,0.0073,2516,5.97,79.45,70.57,13.92,20.55,10.6,6.81,46.75,31.69,57,4.15,39.6,54088,1.96,15.63,2.37,0.37,79.66,0.1217,0.2628,0.0094,0.2333,0.0712,0.0617,0.0253,2.1,94907.3666,19942.37421,49171.60803,5776.650106,46222.50296,38008.99387,1594.0,159,4,2.0,27.23,4.08,0.32,2.62,0.01,14.04,51.71,337.78,50.38,0.9090909090909091,0.23577272727272727,0.7934103857497259,0.21220503427814752,0.5028077100139368,0.140754369825207,0.12903225806451613,0.6016847147712817,0.4147159305436736,0.13489331394486156,0.5082003226574776,0.859239961796786,0.692059018292497,0.7756494900446416,0.20162784978677206,0.21803785245268442,0.15336249565051416,0.5398230088495576,44.818,46.122499999999995,11.223333333333333,0.5,14.287142857142857,0.4033020243859751,0.21545101219298757,19.998,0.11627499999999999,0.292625,25.061999999999998,High,3,High,3,Far,3,Low,1,Educated,2,Far,3,Fair,2,Wealthy,3,Mostly married,2,Older,2,Low,1,High,3
